Model,Length,DryWeight,GVWR,HitchWeight,Location,Status,Image,URL
Used 2020 Forest River RV R Pod RP-191,20.3,2952,3814,314,Kitsap / Poulsbo,On Lot,https://assets.interactcp.com/apachecamping/unit_photo/imgh_800x600-m0717202623101235/unit_photo_202607171110123540734702.jpg,https://www.apachecamping.com/product/used-2020-forest-river-rv-r-pod-rp-191-3720286-29
Used 2023 Dutchmen RV Coleman 17B,21.4,3078,3850,397,Everett,On Lot,https://assets.interactcp.com/apachecamping/unit_photo/imgh_800x600-m0417202619154469/unit_photo_202508090229390377093611.jpg,https://www.apachecamping.com/product/used-2023-dutchmen-rv-coleman-17b-3120410-29
Used 2024 Jayco Jay Flight SLX 183RBW,253.0,3225,4350,320,Portland / Clackamas,On Lot,https://assets.interactcp.com/apachecamping/unit_photo/imgh_800x600-m0417202619154469/unit_photo_202511110937136341396798.jpg,https://www.apachecamping.com/product/used-2024-jayco-jay-flight-slx-183rbw-3353258-29
Used 2018 Keystone RV Passport 195RBWE Express,24.4,3812,5930,418,Everett,On Lot,https://assets.interactcp.com/interactrv/unit_tech_drawing/imgh_800x600-m0428202519374618/unit_tech_drawing_20180405031112551058089.jpg,https://www.apachecamping.com/product/used-2018-keystone-rv-passport-195rbwe-express-3780985-29
Used 2018 Keystone RV Passport 239MLWE Express,25.4,4232,5400,440,Everett,On Lot,https://assets.interactcp.com/apachecamping/unit_photo/imgh_800x600-m0417202619154469/unit_photo_202508090229079917159949.jpg,https://www.apachecamping.com/product/used-2018-keystone-rv-passport-239mlwe-express-3120401-29
Used 2021 Forest River RV Flagstaff E-Pro E15TB,15.8,2608,3874,374,Tacoma,On Lot,https://assets.interactcp.com/interactrv/unit_tech_drawing/imgh_800x600-m0428202519374618/unit_tech_drawing_202011300123176728709738.jpg,https://www.apachecamping.com/product/used-2021-forest-river-rv-flagstaff-e-pro-e15tb-3757054-29
Used 2021 Forest River RV Flagstaff E-Pro E19FD,20.2,3167,4318,418,Tacoma,On Lot,https://assets.interactcp.com/apachecamping/unit_photo/imgh_800x600-m0806202621404344/unit_photo_202608060940434451051731.jpg,https://www.apachecamping.com/product/used-2021-forest-river-rv-flagstaff-e-pro-e19fd-3729544-29
Used 2019 Heartland Mallard 245,28.8,5518,6900,624,Tacoma,On Lot,https://assets.interactcp.com/interactrv/unit_tech_drawing/imgh_800x600-m0428202519374618/unit_tech_drawing_201809140147487794491224.jpg,https://www.apachecamping.com/product/used-2019-heartland-mallard-245-3779863-29
Used 2016 TAXA Outdoors Cricket Trek,15.0,1460,2500,300,Everett,On Lot,https://assets.interactcp.com/apachecamping/unit_photo/imgh_800x600-m0717202618372384/unit_photo_202607170637238435466545.jpg,https://www.apachecamping.com/product/used-2016-taxa-outdoors-cricket-trek-3715298-29
Used 2025 Jayco Jay Flight SLX 210QBW,25.7,4190,6000,470,Portland / Clackamas,On Lot,https://assets.interactcp.com/apachecamping/unit_photo/imgh_800x600-m0910202616570960/unit_photo_202609100457095987440186.jpg,https://www.apachecamping.com/product/used-2025-jayco-jay-flight-slx-210qbw-3781668-29
Used 2025 Keystone RV Passport Classic 190RD,21.9,3584,4820,420,Tacoma,On Lot,https://assets.interactcp.com/apachecamping/unit_photo/imgh_800x600-m0417202619154469/unit_photo_202509231142160755097382.jpg,https://www.apachecamping.com/product/used-2025-keystone-rv-passport-classic-190rd-3137342-29
Used 2019 Forest River RV Flagstaff Micro Lite 25BRDS,25.9,5300,6869,709,Everett,On Lot,https://assets.interactcp.com/interactrv/unit_tech_drawing/imgh_800x600-m0428202519374618/unit_tech_drawing_201812040220209229666130.jpg,https://www.apachecamping.com/product/used-2019-forest-river-rv-flagstaff-micro-lite-25brds-3749059-29
Used 2022 Forest River RV Rockwood GEO Pro G20FBS,21.7,3442,4400,400,Everett,On Lot,https://assets.interactcp.com/interactrv/unit_tech_drawing/imgh_800x600-m0428202519374618/unit_tech_drawing_202108180242554130451241.png,https://www.apachecamping.com/product/used-2022-forest-river-rv-rockwood-geo-pro-g20fbs-3759775-29
Used 2019 Keystone RV Passport 2521RLWE Grand Touring,29.8,5276,7000,635,Everett,On Lot,https://assets.interactcp.com/apachecamping/unit_photo/imgh_800x600-m0417202619154469/unit_photo_2025091302332374481051.jpg,https://www.apachecamping.com/product/used-2019-keystone-rv-passport-2521rlwe-grand-touring-3137345-29
New 2026 Keystone RV Passport Classic 190RDWE,21.9,3640,4800,400,Everett,On Lot,https://assets.interactcp.com/apachecamping/unit_photo/imgh_800x600-m0417202619154469/unit_photo_202509130233211829425317.jpg,https://www.apachecamping.com/product/new-2026-keystone-rv-passport-classic-190rdwe-3121787-29
Used 2021 Keystone RV Cougar Half-Ton 24SABWE,28.3,6149,7800,640,Kitsap / Poulsbo,On Lot,https://assets.interactcp.com/apachecamping/unit_photo/imgh_800x600-m0806202623005038/unit_photo_202608061100503882676194.jpg,https://www.apachecamping.com/product/used-2021-keystone-rv-cougar-half-ton-24sabwe-3743320-29
New 2026 Forest River RV Flagstaff E-Pro E17LE,240.0,2654,3805,305,Portland / Clackamas,On Lot,https://assets.interactcp.com/apachecamping/unit_photo/imgh_800x600-m0417202619154469/unit_photo_202604011024114892610575.jpg,https://www.apachecamping.com/product/new-2026-forest-river-rv-flagstaff-e-pro-e17le-3568168-29
New 2026 Forest River RV Flagstaff E-Pro E17LE,20.0,2654,3805,305,Tacoma,On Lot,https://assets.interactcp.com/apachecamping/unit_photo/imgh_800x600-m0617202621385076/unit_photo_202606170938507587112763.jpg,https://www.apachecamping.com/product/new-2026-forest-river-rv-flagstaff-e-pro-e17le-3668876-29
New 2026 Forest River RV Flagstaff E-Pro E17LE,20.0,2654,3805,305,Everett,On Lot,https://assets.interactcp.com/apachecamping/unit_photo/imgh_800x600-m0709202620345692/unit_photo_202607090834569205417330.jpg,https://www.apachecamping.com/product/new-2026-forest-river-rv-flagstaff-e-pro-e17le-3670141-29
New 2026 Forest River RV Flagstaff E-Pro E17LE,20.0,2654,3805,305,Everett,On Lot,https://assets.interactcp.com/apachecamping/unit_photo/imgh_800x600-m0709202620341326/unit_photo_202607090834132676050105.jpg,https://www.apachecamping.com/product/new-2026-forest-river-rv-flagstaff-e-pro-e17le-3670237-29
New 2026 Forest River RV Flagstaff E-Pro E17LE,20.0,2654,3805,305,Kitsap / Poulsbo,On Lot,https://assets.interactcp.com/interactrv/unit_tech_drawing/imgh_800x600-m1118202523311573/unit_tech_drawing_202511181131157318014925.png,https://www.apachecamping.com/product/new-2026-forest-river-rv-flagstaff-e-pro-e17le-3673636-29
Used 2022 Dutchmen RV Coleman Light 2515RL,29.4,5685,7600,611,Portland / Clackamas,On Lot,https://assets.interactcp.com/apachecamping/unit_photo/imgh_800x600-m0611202620552115/unit_photo_20260611085521153918434.jpg,https://www.apachecamping.com/product/used-2022-dutchmen-rv-coleman-light-2515rl-3660728-29
Used 2021 Coachmen RV Northern Spirit Ultra Lite 2454BH,28.8,5502,7600,770,Kitsap / Poulsbo,On Lot,https://assets.interactcp.com/apachecamping/unit_photo/imgh_800x600-m0513202623321088/unit_photo_202605131132108859547436.jpg,https://www.apachecamping.com/product/used-2021-coachmen-rv-northern-spirit-ultra-lite-2454bh-3622815-29
Used 2019 Forest River RV Wildcat Maxx 245RGX,29.3,6168,7764,764,Everett,On Lot,https://assets.interactcp.com/apachecamping/unit_photo/imgh_800x600-m0417202619154469/unit_photo_202508090216249582861637.jpg,https://www.apachecamping.com/product/used-2019-forest-river-rv-wildcat-maxx-245rgx-3120178-29
New 2026 Forest River RV Flagstaff E-Pro E15TB,15.7,2833,3907,399,Everett,On Lot,https://assets.interactcp.com/apachecamping/unit_photo/imgh_800x600-m0530202623265954/unit_photo_202605301126595475984115.jpg,https://www.apachecamping.com/product/new-2026-forest-river-rv-flagstaff-e-pro-e15tb-3589245-29
New 2026 Forest River RV Flagstaff E-Pro E15TB,26.0,5200,7000,840,Tacoma,On Lot,https://assets.interactcp.com/apachecamping/unit_photo/imgh_800x600-m0421202622045425/unit_photo_202604211004542576413115.jpg,https://www.apachecamping.com/product/new-2026-forest-river-rv-flagstaff-e-pro-e15tb-3593249-29
New 2026 Forest River RV Flagstaff E-Pro E15TB,15.7,2833,3907,399,Kitsap / Poulsbo,On Lot,https://assets.interactcp.com/apachecamping/unit_photo/imgh_800x600-m0424202622065168/unit_photo_202604241006516877644401.jpg,https://www.apachecamping.com/product/new-2026-forest-river-rv-flagstaff-e-pro-e15tb-3594393-29
New 2026 Forest River RV Flagstaff E-Pro E15TB,15.7,2833,3907,399,Tacoma,On Lot,https://assets.interactcp.com/interactrv/unit_tech_drawing/imgh_800x600-m0912202515360242/unit_tech_drawing_202509120336024204696395.png,https://www.apachecamping.com/product/new-2026-forest-river-rv-flagstaff-e-pro-e15tb-3766240-29
New 2025 Keystone RV Passport Classic 224RKWE,26.8,4905,7200,570,Everett,On Lot,https://assets.interactcp.com/apachecamping/unit_photo/imgh_800x600-m0417202619154469/unit_photo_202603310720168157017767.jpg,https://www.apachecamping.com/product/new-2025-keystone-rv-passport-classic-224rkwe-3566224-29
Used 2023 Keystone RV Passport SL 252RDWE,29.8,5524,7200,640,Kitsap / Poulsbo,On Lot,https://assets.interactcp.com/apachecamping/unit_photo/imgh_800x600-m0730202617581138/unit_photo_202607300558113860857850.jpg,https://www.apachecamping.com/product/used-2023-keystone-rv-passport-sl-252rdwe-3734385-29
Used 2023 Coachmen RV Northern Spirit Ultra Lite 1943RB,24.0,4926,6500,520,Everett,On Lot,https://assets.interactcp.com/apachecamping/unit_photo/imgh_800x600-m0417202619154469/unit_photo_202508090224259651198748.jpg,https://www.apachecamping.com/product/used-2023-coachmen-rv-northern-spirit-ultra-lite-1943rb-3120322-29
Used 2024 Forest River RV Flagstaff E-Pro E19FDS,20.2,3506,4485,485,Everett,On Lot,https://assets.interactcp.com/apachecamping/unit_photo/imgh_800x600-m0709202622112836/unit_photo_202607091011283620815476.jpg,https://www.apachecamping.com/product/used-2024-forest-river-rv-flagstaff-e-pro-e19fds-3672828-29
New 2025 Keystone RV Passport Classic 264BHWE,30.3,5439,7600,690,Everett,On Lot,https://assets.interactcp.com/apachecamping/unit_photo/imgh_800x600-m0417202619154469/unit_photo_202508090221379848586163.jpg,https://www.apachecamping.com/product/new-2025-keystone-rv-passport-classic-264bhwe-3120270-29
Used 2024 Forest River RV Flagstaff E-Pro E19FBS,20.2,3543,4437,437,Everett,On Lot,https://assets.interactcp.com/apachecamping/unit_photo/imgh_800x600-m0613202620533411/unit_photo_202606130853341169049620.jpg,https://www.apachecamping.com/product/used-2024-forest-river-rv-flagstaff-e-pro-e19fbs-3658905-29
Used 2025 Forest River RV Flagstaff E-Pro E20BH,21.2,3906,4998,480,Everett,On Lot,https://assets.interactcp.com/interactrv/unit_tech_drawing/imgh_800x600-m0428202519374618/unit_tech_drawing_202409240130359207056130.png,https://www.apachecamping.com/product/used-2025-forest-river-rv-flagstaff-e-pro-e20bh-3751871-29
Used 2022 Grand Design Imagine 2800BH,32.0,6386,8495,604,Kitsap / Poulsbo,On Lot,https://assets.interactcp.com/apachecamping/unit_photo/imgh_800x600-m0825202618361629/unit_photo_202608250636162949975281.jpg,https://www.apachecamping.com/product/used-2022-grand-design-imagine-2800bh-3763528-29
Used 2020 Keystone RV Cougar Half-Ton 30RKSWE,402.0,7042,9500,740,Everett,On Lot,https://assets.interactcp.com/apachecamping/unit_photo/imgh_800x600-m0417202619154469/unit_photo_202510020835051173053555.jpg,https://www.apachecamping.com/product/used-2020-keystone-rv-cougar-half-ton-30rkswe-3272876-29
Used 2024 Winnebago Industries Towables Hike 100 H1316SB,15.9,3284,4200,462,Everett,On Lot,https://assets.interactcp.com/apachecamping/unit_photo/imgh_800x600-m0417202619154469/unit_photo_202511210301417095032110.jpg,https://www.apachecamping.com/product/used-2024-winnebago-industries-towables-hike-100-h1316sb-3302385-29
New 2026 Forest River RV Flagstaff E-Pro E20FBS,254.0,3669,4421,421,Everett,On Lot,https://assets.interactcp.com/apachecamping/unit_photo/imgh_800x600-m0417202619154469/unit_photo_202602250235500111928968.jpg,https://www.apachecamping.com/product/new-2026-forest-river-rv-flagstaff-e-pro-e20fbs-3450497-29
New 2026 Forest River RV Flagstaff E-Pro E20FBS,21.2,3669,4421,421,Everett,On Lot,https://assets.interactcp.com/apachecamping/unit_photo/imgh_800x600-m0417202619154469/unit_photo_202602070238232213479463.jpg,https://www.apachecamping.com/product/new-2026-forest-river-rv-flagstaff-e-pro-e20fbs-3477617-29
New 2026 Forest River RV Flagstaff E-Pro E20FBS,21.2,3669,4421,421,Kitsap / Poulsbo,On Lot,https://assets.interactcp.com/apachecamping/unit_photo/imgh_800x600-m0417202619154469/unit_photo_202602191141183646288437.jpg,https://www.apachecamping.com/product/new-2026-forest-river-rv-flagstaff-e-pro-e20fbs-3497440-29
New 2026 Forest River RV Flagstaff E-Pro E20FBS,21.2,3669,4421,421,Tacoma,On Lot,https://assets.interactcp.com/apachecamping/unit_photo/imgh_800x600-m0514202618344805/unit_photo_202605140634480535484180.jpg,https://www.apachecamping.com/product/new-2026-forest-river-rv-flagstaff-e-pro-e20fbs-3498376-29
New 2026 Forest River RV Flagstaff E-Pro E20FBS,21.2,3669,4421,421,Portland / Clackamas,On Lot,https://assets.interactcp.com/apachecamping/unit_photo/imgh_800x600-m0803202615125582/unit_photo_202608030312558243716728.jpg,https://www.apachecamping.com/product/new-2026-forest-river-rv-flagstaff-e-pro-e20fbs-3634725-29
New 2026 Forest River RV Flagstaff E-Pro E20FBS,21.2,3669,4421,421,Kitsap / Poulsbo,On Lot,https://assets.interactcp.com/apachecamping/unit_photo/imgh_800x600-m0609202618495524/unit_photo_202606090649552397088589.jpg,https://www.apachecamping.com/product/new-2026-forest-river-rv-flagstaff-e-pro-e20fbs-3639418-29
New 2026 Forest River RV Flagstaff E-Pro E20FK,254.0,4217,5495,619,Everett,On Lot,https://assets.interactcp.com/apachecamping/unit_photo/imgh_800x600-m0417202619154469/unit_photo_202509120223305055007597.jpg,https://www.apachecamping.com/product/new-2026-forest-river-rv-flagstaff-e-pro-e20fk-3129801-29
New 2026 Forest River RV Flagstaff E-Pro E20FK,254.0,4217,5495,619,Portland / Clackamas,On Lot,https://assets.interactcp.com/apachecamping/unit_photo/imgh_800x600-m0806202621361882/unit_photo_202608060936188200794279.jpg,https://www.apachecamping.com/product/new-2026-forest-river-rv-flagstaff-e-pro-e20fk-3294126-29
Used 2023 Jayco White Hawk 29RL,417.0,6955,8750,850,Kitsap / Poulsbo,On Lot,https://assets.interactcp.com/apachecamping/unit_photo/imgh_800x600-m0417202619154469/unit_photo_202512230911007806823649.jpg,https://www.apachecamping.com/product/used-2023-jayco-white-hawk-29rl-3415843-29
Used 2020 Lance Lance Travel Trailers 2465,29.4,5875,7800,665,Portland / Clackamas,On Lot,https://assets.interactcp.com/apachecamping/unit_photo/imgh_800x600-m0901202623381351/unit_photo_202609011138135101296997.jpg,https://www.apachecamping.com/product/used-2020-lance-lance-travel-trailers-2465-3773540-29
New 2026 Forest River RV Flagstaff Micro Lite 22FBS,286.0,5132,6794,634,Kitsap / Poulsbo,On Lot,https://assets.interactcp.com/apachecamping/unit_photo/imgh_800x600-m0417202619154469/unit_photo_202512030618128469438812.jpg,https://www.apachecamping.com/product/new-2026-forest-river-rv-flagstaff-micro-lite-22fbs-3391866-29
New 2026 Forest River RV Flagstaff Micro Lite 22SQS,286.0,5275,6825,748,Portland / Clackamas,On Lot,https://assets.interactcp.com/apachecamping/unit_photo/imgh_800x600-m0417202619154469/unit_photo_202510270840497960083598.jpg,https://www.apachecamping.com/product/new-2026-forest-river-rv-flagstaff-micro-lite-22sqs-3303456-29
New 2026 Forest River RV Flagstaff Micro Lite 22SQS,23.8,5275,6825,748,Kitsap / Poulsbo,On Lot,https://assets.interactcp.com/apachecamping/unit_photo/imgh_800x600-m0417202619154469/unit_photo_202602180229517265595693.jpg,https://www.apachecamping.com/product/new-2026-forest-river-rv-flagstaff-micro-lite-22sqs-3452651-29
New 2026 Forest River RV Flagstaff Micro Lite 22SQS,23.8,5275,6825,748,Everett,On Lot,https://assets.interactcp.com/apachecamping/unit_photo/imgh_800x600-m0417202619154469/unit_photo_202603220124066092102717.jpg,https://www.apachecamping.com/product/new-2026-forest-river-rv-flagstaff-micro-lite-22sqs-3525631-29
New 2026 Forest River RV Flagstaff Micro Lite 22SQS,23.8,5275,6825,748,Tacoma,On Lot,https://assets.interactcp.com/apachecamping/unit_photo/imgh_800x600-m0806202622334731/unit_photo_202608061033473111133733.jpg,https://www.apachecamping.com/product/new-2026-forest-river-rv-flagstaff-micro-lite-22sqs-3637799-29
New 2026 Forest River RV Flagstaff Micro Lite 25FKB,25.9,5689,7820,820,Tacoma,On Lot,https://assets.interactcp.com/apachecamping/unit_photo/imgh_800x600-m0417202619154469/unit_photo_202508090231206998512501.jpg,https://www.apachecamping.com/product/new-2026-forest-river-rv-flagstaff-micro-lite-25fkb-3120445-29
New 2025 Keystone RV Passport 2600FK,363.0,6928,8500,840,Everett,On Lot,https://assets.interactcp.com/apachecamping/unit_photo/imgh_800x600-m0417202619154469/unit_photo_202603240725221090028755.jpg,https://www.apachecamping.com/product/new-2025-keystone-rv-passport-2600fk-3555240-29
New 2027 Forest River RV Flagstaff E-Pro E201SBH,21.2,4078,5495,510,Portland / Clackamas,On Lot,https://assets.interactcp.com/apachecamping/unit_photo/imgh_800x600-m0807202622155039/unit_photo_202608071015503945327232.jpg,https://www.apachecamping.com/product/new-2027-forest-river-rv-flagstaff-e-pro-e201sbh-3739847-29
New 2027 Forest River RV Flagstaff E-Pro E201SBH,21.2,4078,5495,510,Everett,On Lot,https://assets.interactcp.com/apachecamping/unit_photo/imgh_800x600-m0806202622402483/unit_photo_202608061040248323223731.jpg,https://www.apachecamping.com/product/new-2027-forest-river-rv-flagstaff-e-pro-e201sbh-3741219-29
New 2027 Forest River RV Flagstaff Micro Lite 21FBRS,22.3,4493,5837,557,Portland / Clackamas,On Lot,https://assets.interactcp.com/apachecamping/unit_photo/imgh_800x600-m0806202616544937/unit_photo_202608060454493768220326.jpg,https://www.apachecamping.com/product/new-2027-forest-river-rv-flagstaff-micro-lite-21fbrs-3739843-29
New 2026 Forest River RV Flagstaff Micro Lite 21SRB,22.2,4789,6389,640,Tacoma,On Lot,https://assets.interactcp.com/apachecamping/unit_photo/imgh_800x600-m0417202619154469/unit_photo_202602180229580513161219.jpg,https://www.apachecamping.com/product/new-2026-forest-river-rv-flagstaff-micro-lite-21srb-3477304-29
New 2026 Forest River RV Flagstaff Micro Lite 21SRB,266.0,4789,6389,640,Portland / Clackamas,On Lot,https://assets.interactcp.com/apachecamping/unit_photo/imgh_800x600-m0430202601055402/unit_photo_20260430010554027126613.jpg,https://www.apachecamping.com/product/new-2026-forest-river-rv-flagstaff-micro-lite-21srb-3599272-29
New 2026 Outdoors RV Creek Side Mountain Series 17CE,22.8,5400,6900,600,Everett,On Lot,https://assets.interactcp.com/apachecamping/unit_photo/imgh_800x600-m0417202619154469/unit_photo_202602250236000472153842.jpg,https://www.apachecamping.com/product/new-2026-outdoors-rv-creek-side-mountain-series-17ce-3504523-29
New 2026 Outdoors RV Creek Side Mountain Series 19MKS,24.2,5650,8250,650,Portland / Clackamas,On Lot,https://assets.interactcp.com/apachecamping/unit_photo/imgh_800x600-m0417202619154469/unit_photo_202602070238311114508668.jpg,https://www.apachecamping.com/product/new-2026-outdoors-rv-creek-side-mountain-series-19mks-3478352-29
New 2026 Outdoors RV Creek Side Mountain Series 17RBS,21.8,5150,6900,500,Portland / Clackamas,On Lot,https://assets.interactcp.com/apachecamping/unit_photo/imgh_800x600-m0417202619154469/unit_photo_202604160447441710971292.jpg,https://www.apachecamping.com/product/new-2026-outdoors-rv-creek-side-mountain-series-17rbs-3579250-29
New 2026 Northwood Arctic Fox NXT 22GT,286.0,5910,10800,675,Portland / Clackamas,On Lot,https://assets.interactcp.com/apachecamping/unit_photo/imgh_800x600-m0417202619154469/unit_photo_202508270816316023457104.jpg,https://www.apachecamping.com/product/new-2026-northwood-arctic-fox-nxt-22gt-3179060-29
New 2026 Forest River RV Flagstaff Super Lite 26RBWS,29.8,6550,8542,742,Everett,On Lot,https://assets.interactcp.com/apachecamping/unit_photo/imgh_800x600-m0417202619154469/unit_photo_202509120223356926427664.jpg,https://www.apachecamping.com/product/new-2026-forest-river-rv-flagstaff-super-lite-26rbws-3132850-29
New 2026 Outdoors RV Timber Ridge Mountain Series 22FQS,26.9,6300,9995,700,Portland / Clackamas,On Lot,https://assets.interactcp.com/apachecamping/unit_photo/imgh_800x600-m0530202623492879/unit_photo_202605301149287945213774.jpg,https://www.apachecamping.com/product/new-2026-outdoors-rv-timber-ridge-mountain-series-22fqs-3623626-29
New 2027 Forest River RV Flagstaff Micro Lite 25MBR,25.8,6313,7710,710,Everett,On Lot,https://assets.interactcp.com/apachecamping/unit_photo/imgh_800x600-m0717202616151428/unit_photo_202607170415142862095889.jpg,https://www.apachecamping.com/product/new-2027-forest-river-rv-flagstaff-micro-lite-25mbr-3710319-29
New 2027 Forest River RV Flagstaff Micro Lite 25MBR,25.8,6313,7710,710,Tacoma,On Lot,https://assets.interactcp.com/apachecamping/unit_photo/imgh_800x600-m0811202618090941/unit_photo_202608110609094175384247.jpg,https://www.apachecamping.com/product/new-2027-forest-river-rv-flagstaff-micro-lite-25mbr-3711632-29
New 2027 Forest River RV Flagstaff Micro Lite 25MBR,25.8,6313,7710,710,Kitsap / Poulsbo,On Lot,https://assets.interactcp.com/apachecamping/unit_photo/imgh_800x600-m0723202621134122/unit_photo_202607230913412246267384.jpg,https://www.apachecamping.com/product/new-2027-forest-river-rv-flagstaff-micro-lite-25mbr-3724254-29
New 2026 Northwood Arctic Fox NXT 22GT,286.0,5910,10800,675,Kitsap / Poulsbo,On Lot,https://assets.interactcp.com/apachecamping/unit_photo/imgh_800x600-m0417202619154469/unit_photo_202512100904519376972563.jpg,https://www.apachecamping.com/product/new-2026-northwood-arctic-fox-nxt-22gt-3395189-29
New 2026 Northwood Nash 23CK,27.7,6691,9200,826,Kitsap / Poulsbo,On Lot,https://assets.interactcp.com/apachecamping/unit_photo/imgh_800x600-m0417202619154469/unit_photo_202604021007176491828628.jpg,https://www.apachecamping.com/product/new-2026-northwood-nash-23ck-3567822-29
New 2026 Northwood Nash 23CK,332.0,6691,9200,826,Portland / Clackamas,On Lot,https://assets.interactcp.com/apachecamping/unit_photo/imgh_800x600-m0417202619154469/unit_photo_20260410070536370544379.jpg,https://www.apachecamping.com/product/new-2026-northwood-nash-23ck-3575744-29
New 2026 Northwood Arctic Fox NXT 22GT,23.8,5910,10800,675,Everett,On Lot,https://assets.interactcp.com/apachecamping/unit_photo/imgh_800x600-m0429202601064683/unit_photo_202604290106468289884420.jpg,https://www.apachecamping.com/product/new-2026-northwood-arctic-fox-nxt-22gt-3601265-29
Used 2024 Outdoors RV Creek Side Titanium Series 21KVS,25.8,6380,8250,670,Everett,On Lot,https://assets.interactcp.com/apachecamping/unit_photo/imgh_800x600-m0417202619154469/unit_photo_202509121138107133911709.jpg,https://www.apachecamping.com/product/used-2024-outdoors-rv-creek-side-titanium-series-21kvs-3232286-29
New 2026 Forest River RV Flagstaff Super Lite 26FKBS,29.7,6876,8702,902,Tacoma,On Lot,https://assets.interactcp.com/apachecamping/unit_photo/imgh_800x600-m0417202619154469/unit_photo_202511150317362090914229.jpg,https://www.apachecamping.com/product/new-2026-forest-river-rv-flagstaff-super-lite-26fkbs-3302460-29
New 2025 Outdoors RV Black Stone Mountain Series 260KRS,32.3,7800,11000,825,Everett,On Lot,https://assets.interactcp.com/apachecamping/unit_photo/imgh_800x600-m0417202619154469/unit_photo_202508090216572662167667.jpg,https://www.apachecamping.com/product/new-2025-outdoors-rv-black-stone-mountain-series-260krs-3120188-29
New 2026 Outdoors RV Creek Side Titanium Series 17CE,22.8,5200,7000,840,Kitsap / Poulsbo,On Lot,https://assets.interactcp.com/apachecamping/unit_photo/imgh_800x600-m0417202619154469/unit_photo_20260304022523500033717.jpg,https://www.apachecamping.com/product/new-2026-outdoors-rv-creek-side-titanium-series-17ce-3510378-29
New 2026 Outdoors RV Timber Ridge Mountain Series 22FQS,26.9,6300,9995,700,Kitsap / Poulsbo,On Lot,https://assets.interactcp.com/apachecamping/unit_photo/imgh_800x600-m0417202619154469/unit_photo_20251203061550080357199.jpg,https://www.apachecamping.com/product/new-2026-outdoors-rv-timber-ridge-mountain-series-22fqs-3391822-29
New 2026 Outdoors RV Back Country Series MTN TRX 20MKS,25.2,5200,9995,1199,Kitsap / Poulsbo,On Lot,https://assets.interactcp.com/apachecamping/unit_photo/imgh_800x600-m0417202619154469/unit_photo_202512030619229344059781.jpg,https://www.apachecamping.com/product/new-2026-outdoors-rv-back-country-series-mtn-trx-20mks-3391888-29
New 2027 Lance Lance Travel Trailers 1995,24.1,4465,7000,475,Portland / Clackamas,On Lot,https://assets.interactcp.com/apachecamping/unit_photo/imgh_800x600-m0819202619262519/unit_photo_202608190726251943546888.jpg,https://www.apachecamping.com/product/new-2027-lance-lance-travel-trailers-1995-3753857-29
Used 2026 Outdoors RV Timber Ridge Titanium Series 22MKS,27.2,6885,9995,775,Portland / Clackamas,On Lot,https://assets.interactcp.com/apachecamping/unit_photo/imgh_800x600-m0710202623151010/unit_photo_202607101115101037786914.jpg,https://www.apachecamping.com/product/used-2026-outdoors-rv-timber-ridge-titanium-series-22mks-3711773-29
New 2027 Forest River RV Flagstaff Super Lite 26FKBS,29.7,6876,8702,902,Kitsap / Poulsbo,On Lot,https://assets.interactcp.com/apachecamping/unit_photo/imgh_800x600-m0718202620454727/unit_photo_202607180845472763181485.jpg,https://www.apachecamping.com/product/new-2027-forest-river-rv-flagstaff-super-lite-26fkbs-3718445-29
New 2027 Forest River RV Flagstaff Super Lite 26FKBS,29.7,6876,8702,902,Everett,On Lot,https://assets.interactcp.com/apachecamping/unit_photo/imgh_800x600-m0724202619252243/unit_photo_202607240725224347281994.jpg,https://www.apachecamping.com/product/new-2027-forest-river-rv-flagstaff-super-lite-26fkbs-3727096-29
New 2027 Forest River RV Flagstaff Super Lite 26SRD,29.8,6554,8474,674,Tacoma,On Lot,https://assets.interactcp.com/apachecamping/unit_photo/imgh_800x600-m0811202618124093/unit_photo_202608110612409351256783.jpg,https://www.apachecamping.com/product/new-2027-forest-river-rv-flagstaff-super-lite-26srd-3705139-29
New 2026 Outdoors RV Black Stone Mountain Series 250RDS,32.2,7300,11000,820,Everett,On Lot,https://assets.interactcp.com/apachecamping/unit_photo/imgh_800x600-m0417202619154469/unit_photo_20250912022317444569484.jpg,https://www.apachecamping.com/product/new-2026-outdoors-rv-black-stone-mountain-series-250rds-3120476-29
New 2027 Outdoors RV Timber Ridge Mountain Series 26KVS,31.3,7200,9995,770,Everett,On Lot,https://assets.interactcp.com/apachecamping/unit_photo/imgh_800x600-m0717202618385851/unit_photo_202607170638585092725297.jpg,https://www.apachecamping.com/product/new-2027-outdoors-rv-timber-ridge-mountain-series-26kvs-3718602-29
New 2027 Outdoors RV Timber Ridge Mountain Series 28BKS,32.8,7550,9995,875,Portland / Clackamas,On Lot,https://assets.interactcp.com/apachecamping/unit_photo/imgh_800x600-m0702202617105066/unit_photo_202607020510506682510863.jpg,https://www.apachecamping.com/product/new-2027-outdoors-rv-timber-ridge-mountain-series-28bks-3701002-29
New 2025 Outdoors RV Black Stone Titanium Series 260KRS,388.0,8280,11000,825,Kitsap / Poulsbo,On Lot,https://assets.interactcp.com/apachecamping/unit_photo/imgh_800x600-m0417202619154469/unit_photo_202512030614286339766660.jpg,https://www.apachecamping.com/product/new-2025-outdoors-rv-black-stone-titanium-series-260krs-3391799-29
New 2026 Outdoors RV Back Country Series MTN TRX Titanium Series 20MKS,25.2,5200,9995,1199,Everett,On Lot,https://assets.interactcp.com/apachecamping/unit_photo/imgh_800x600-m0417202619154469/unit_photo_20251202091127983686345.jpg,https://www.apachecamping.com/product/new-2026-outdoors-rv-back-country-series-mtn-trx-titanium-series-20mks-3390854-29
New 2026 Outdoors RV Back Country Series MTN TRX Titanium Series 20MKS,25.2,5200,9995,1199,Everett,On Lot,https://assets.interactcp.com/apachecamping/unit_photo/imgh_800x600-m0531202615410002/unit_photo_202605310341000263413878.jpg,https://www.apachecamping.com/product/new-2026-outdoors-rv-back-country-series-mtn-trx-titanium-series-20mks-3582980-29
New 2026 Outdoors RV Back Country Series MTN TRX Titanium Series 21RWS,26.2,7280,9995,900,Kitsap / Poulsbo,On Lot,https://assets.interactcp.com/apachecamping/unit_photo/imgh_800x600-m0417202619154469/unit_photo_202512030616057725844627.jpg,https://www.apachecamping.com/product/new-2026-outdoors-rv-back-country-series-mtn-trx-titanium-series-21rws-3391826-29
New 2026 Outdoors RV Back Country Series MTN TRX Titanium Series 21RWS,26.5,7280,9995,900,Everett,On Lot,https://assets.interactcp.com/interactrv/unit_tech_drawing/imgh_800x600-m0707202618175575/unit_tech_drawing_20260707061755750662251.png,https://www.apachecamping.com/product/new-2026-outdoors-rv-back-country-series-mtn-trx-titanium-series-21rws-3749071-29
New 2027 Outdoors RV Back Country Series MTN TRX 24KRS,28.9,7430,9995,965,Portland / Clackamas,On Lot,https://assets.interactcp.com/apachecamping/unit_photo/imgh_800x600-m0708202614472156/unit_photo_202607080247215662008949.jpg,https://www.apachecamping.com/product/new-2027-outdoors-rv-back-country-series-mtn-trx-24krs-3707545-29
New 2026 Outdoors RV Timber Ridge Titanium Series 22MKS,27.2,6885,9995,775,Everett,On Lot,https://assets.interactcp.com/apachecamping/unit_photo/imgh_800x600-m0530202623415953/unit_photo_202605301141595302389961.jpg,https://www.apachecamping.com/product/new-2026-outdoors-rv-timber-ridge-titanium-series-22mks-3613253-29
New 2026 Outdoors RV Timber Ridge Titanium Series 28RES,32.9,7480,11000,880,Kitsap / Poulsbo,On Lot,https://assets.interactcp.com/apachecamping/unit_photo/imgh_800x600-m0508202622044523/unit_photo_202605081004452340290978.jpg,https://www.apachecamping.com/product/new-2026-outdoors-rv-timber-ridge-titanium-series-28res-3595867-29
New 2027 Outdoors RV Timber Ridge Titanium Series 22CE,26.3,6780,9995,630,Portland / Clackamas,On Lot,https://assets.interactcp.com/apachecamping/unit_photo/imgh_800x600-m0807202622170242/unit_photo_20260807101702427641282.jpg,https://www.apachecamping.com/product/new-2027-outdoors-rv-timber-ridge-titanium-series-22ce-3741173-29
New 2027 Outdoors RV Back Country Series MTN TRX Titanium Series 23BCS,28.0,7630,9995,850,Everett,On Lot,https://assets.interactcp.com/apachecamping/unit_photo/imgh_800x600-m0717202618355927/unit_photo_202607170635592706998463.jpg,https://www.apachecamping.com/product/new-2027-outdoors-rv-back-country-series-mtn-trx-titanium-series-23bcs-3718590-29
New 2026 Outdoors RV Back Country Series MTN TRX 26RPS,31.9,9550,12995,950,Everett,On Lot,https://assets.interactcp.com/apachecamping/unit_photo/imgh_800x600-m0709202622091124/unit_photo_202607091009112441122680.jpg,https://www.apachecamping.com/product/new-2026-outdoors-rv-back-country-series-mtn-trx-26rps-3651228-29
New 2026 Outdoors RV Back Country Series MTN TRX 26RPS,31.9,9550,12995,950,Kitsap / Poulsbo,On Lot,https://assets.interactcp.com/apachecamping/unit_photo/imgh_800x600-m0707202623091702/unit_photo_202607071109170190714806.jpg,https://www.apachecamping.com/product/new-2026-outdoors-rv-back-country-series-mtn-trx-26rps-3702319-29
New 2027 Outdoors RV Back Country Series MTN TRX Titanium Series 24KRS,28.7,7910,9995,965,Everett,On Lot,https://assets.interactcp.com/apachecamping/unit_photo/imgh_800x600-m0709202622052393/unit_photo_202607091005239372629672.jpg,https://www.apachecamping.com/product/new-2027-outdoors-rv-back-country-series-mtn-trx-titanium-series-24krs-3706407-29
New 2027 Outdoors RV Back Country Series MTN TRX Titanium Series 24KRS,28.9,7910,9995,965,Everett,On Lot,https://assets.interactcp.com/interactrv/unit_tech_drawing/imgh_800x600-m0708202611501593/unit_tech_drawing_202607081150159338173719.png,https://www.apachecamping.com/product/new-2027-outdoors-rv-back-country-series-mtn-trx-titanium-series-24krs-3747630-29
New 2027 Outdoors RV Back Country Series MTN TRX Titanium Series 28DBS,33.2,8680,11000,995,Everett,On Lot,https://assets.interactcp.com/apachecamping/unit_photo/imgh_800x600-m0709202622083434/unit_photo_202607091008343447823208.jpg,https://www.apachecamping.com/product/new-2027-outdoors-rv-back-country-series-mtn-trx-titanium-series-28dbs-3693785-29
New 2027 Outdoors RV Black Stone Titanium Series 260KVS,32.3,8330,11000,850,Everett,On Lot,https://assets.interactcp.com/apachecamping/unit_photo/imgh_800x600-m0820202617483411/unit_photo_202608200548341124383573.jpg,https://www.apachecamping.com/product/new-2027-outdoors-rv-black-stone-titanium-series-260kvs-3743315-29
New 2026 Bigfoot Industries Bigfoot 2500 Series B21FB,21.5,4553,7500,490,Portland / Clackamas,On Lot,https://assets.interactcp.com/apachecamping/unit_photo/imgh_800x600-m0417202619154469/unit_photo_202602190829204740707745.jpg,https://www.apachecamping.com/product/new-2026-bigfoot-industries-bigfoot-2500-series-b21fb-3499301-29
New 2026 Bigfoot Industries Bigfoot 2500 Series B25RQ,25.5,4863,7500,610,Everett,On Lot,https://assets.interactcp.com/apachecamping/unit_photo/imgh_800x600-m0417202619154469/unit_photo_202602241139445748788287.jpg,https://www.apachecamping.com/product/new-2026-bigfoot-industries-bigfoot-2500-series-b25rq-3493456-29
New 2027 Northwood Arctic Fox NXT 26MK,30.6,8040,12800,1005,Everett,On Lot,https://assets.interactcp.com/interactrv/unit_tech_drawing/imgh_800x600-m0710202612525383/unit_tech_drawing_202607101252538304580355.png,https://www.apachecamping.com/product/new-2027-northwood-arctic-fox-nxt-26mk-3777163-29
New 2027 Forest River RV Flagstaff Classic 842DB,41.8,11259,13385,1385,Everett,On Lot,https://assets.interactcp.com/interactrv/unit_tech_drawing/imgh_800x600-m0820202619431816/unit_tech_drawing_202608200743181636862778.png,https://www.apachecamping.com/product/new-2027-forest-river-rv-flagstaff-classic-842db-3779640-29
New 2027 Northwood Arctic Fox Edge 22GT,23.8,6545,10400,900,Unassigned,Inbound / Incoming,https://assets.interactcp.com/apachecamping/unit_photo/imgh_800x600-m0612202619115674/unit_photo_202606120711567422730847.jpg,https://www.apachecamping.com/product/new-2027-northwood-arctic-fox-edge-22gt-3662976-29
New 2027 Northwood Nash 18FM,22.9,5662,7400,556,Unassigned,Inbound / Incoming,https://assets.interactcp.com/apachecamping/unit_photo/imgh_800x600-m0612202619402882/unit_photo_202606120740288263164878.jpg,https://www.apachecamping.com/product/new-2027-northwood-nash-18fm-3662996-29
New 2027 Northwood Nash 19BS,23.6,5825,7400,560,Unassigned,Inbound / Incoming,https://assets.interactcp.com/apachecamping/unit_photo/imgh_800x600-m0612202619440901/unit_photo_202606120744090174888184.jpg,https://www.apachecamping.com/product/new-2027-northwood-nash-19bs-3663001-29
New 2027 Northwood Nash 23CK,27.7,6691,9200,826,Unassigned,Inbound / Incoming,https://assets.interactcp.com/apachecamping/unit_photo/imgh_800x600-m0612202621235072/unit_photo_202606120923507226508457.jpg,https://www.apachecamping.com/product/new-2027-northwood-nash-23ck-3663067-29
New 2027 Northwood Nash 23D,25.8,5740,7500,606,Unassigned,Inbound / Incoming,https://assets.interactcp.com/apachecamping/unit_photo/imgh_800x600-m0612202619530074/unit_photo_202606120753007433552149.jpg,https://www.apachecamping.com/product/new-2027-northwood-nash-23d-3663008-29
New 2027 Northwood Nash 24B,28.7,6460,9200,758,Unassigned,Inbound / Incoming,https://assets.interactcp.com/apachecamping/unit_photo/imgh_800x600-m0612202621261328/unit_photo_20260612092613280345573.jpg,https://www.apachecamping.com/product/new-2027-northwood-nash-24b-3663068-29
New 2027 Northwood Nash 24SD,27.2,6450,9200,590,Unassigned,Inbound / Incoming,https://assets.interactcp.com/apachecamping/unit_photo/imgh_800x600-m0612202621275509/unit_photo_202606120927550896679461.jpg,https://www.apachecamping.com/product/new-2027-northwood-nash-24sd-3663069-29
New 2027 Northwood Nash 25DS,29.2,6845,9200,755,Unassigned,Inbound / Incoming,https://assets.interactcp.com/apachecamping/unit_photo/imgh_800x600-m0612202621405301/unit_photo_202606120940530086702792.jpg,https://www.apachecamping.com/product/new-2027-northwood-nash-25ds-3663072-29
New 2027 Northwood Nash 25KT,28.4,6950,9200,660,Unassigned,Inbound / Incoming,https://assets.interactcp.com/apachecamping/unit_photo/imgh_800x600-m0612202621295201/unit_photo_202606120929520111203812.jpg,https://www.apachecamping.com/product/new-2027-northwood-nash-25kt-3663070-29
New 2027 Northwood Nash 29S,32.3,7360,10700,796,Unassigned,Inbound / Incoming,https://assets.interactcp.com/apachecamping/unit_photo/imgh_800x600-m0612202621431411/unit_photo_202606120943141137554694.jpg,https://www.apachecamping.com/product/new-2027-northwood-nash-29s-3663078-29
New 2027 Outdoors RV Back Country Series MTN TRX 20MKS,25.2,5200,9995,1199,Unassigned,Inbound / Incoming,https://assets.interactcp.com/apachecamping/unit_photo/imgh_800x600-m0417202619154469/unit_photo_202602250236044797887731.jpg,https://www.apachecamping.com/product/new-2027-outdoors-rv-back-country-series-mtn-trx-20mks-3510638-29
New 2027 Outdoors RV Back Country Series MTN TRX 23BCS,27.8,7050,9995,850,Unassigned,Inbound / Incoming,https://assets.interactcp.com/apachecamping/unit_photo/imgh_800x600-m0417202619154469/unit_photo_202512030613558266634329.jpg,https://www.apachecamping.com/product/new-2027-outdoors-rv-back-country-series-mtn-trx-23bcs-3391781-29
New 2027 Outdoors RV Back Country Series MTN TRX 24KRS,28.7,7430,9995,965,Unassigned,Inbound / Incoming,https://assets.interactcp.com/apachecamping/unit_photo/imgh_800x600-m0417202619154469/unit_photo_20251203061356073318143.jpg,https://www.apachecamping.com/product/new-2027-outdoors-rv-back-country-series-mtn-trx-24krs-3391782-29
New 2027 Outdoors RV Black Stone Titanium Series 280RKS,421.0,8690,11000,805,Unassigned,Inbound / Incoming,https://assets.interactcp.com/apachecamping/unit_photo/imgh_800x600-m0417202619154469/unit_photo_202512030613539050376771.jpg,https://www.apachecamping.com/product/new-2027-outdoors-rv-black-stone-titanium-series-280rks-3391773-29
New 2027 Outdoors RV Creek Side Mountain Series 19MKS,24.2,5650,8250,650,Unassigned,Inbound / Incoming,https://assets.interactcp.com/apachecamping/unit_photo/imgh_800x600-m0417202619154469/unit_photo_20260222121543676899840.jpg,https://www.apachecamping.com/product/new-2027-outdoors-rv-creek-side-mountain-series-19mks-3391763-29
New 2027 Outdoors RV Creek Side Titanium Series 17MKS,286.0,5500,6900,600,Unassigned,Inbound / Incoming,https://assets.interactcp.com/apachecamping/unit_photo/imgh_800x600-m0417202619154469/unit_photo_202604010723009363835144.jpg,https://www.apachecamping.com/product/new-2027-outdoors-rv-creek-side-titanium-series-17mks-3567804-29
New 2027 Outdoors RV Creek Side Titanium Series 19CK,298.0,5900,8250,650,Unassigned,Inbound / Incoming,https://assets.interactcp.com/apachecamping/unit_photo/imgh_800x600-m0417202619154469/unit_photo_202512030613510486232738.jpg,https://www.apachecamping.com/product/new-2027-outdoors-rv-creek-side-titanium-series-19ck-3391762-29
New 2027 Outdoors RV Creek Side Titanium Series 19MKS,24.2,6150,8250,650,Unassigned,Inbound / Incoming,https://assets.interactcp.com/apachecamping/unit_photo/imgh_800x600-m0417202619154469/unit_photo_202602221215479016754657.jpg,https://www.apachecamping.com/product/new-2027-outdoors-rv-creek-side-titanium-series-19mks-3507198-29
New 2027 Outdoors RV Creek Side Titanium Series 21MKS,322.0,6580,8250,650,Unassigned,Inbound / Incoming,https://assets.interactcp.com/apachecamping/unit_photo/imgh_800x600-m0417202619154469/unit_photo_202512030613512844848657.jpg,https://www.apachecamping.com/product/new-2027-outdoors-rv-creek-side-titanium-series-21mks-3391764-29
New 2027 Outdoors RV Creek Side Titanium Series 21RBS,301.0,6080,8250,650,Unassigned,Inbound / Incoming,https://assets.interactcp.com/apachecamping/unit_photo/imgh_800x600-m0417202619154469/unit_photo_202512030613516758130775.jpg,https://www.apachecamping.com/product/new-2027-outdoors-rv-creek-side-titanium-series-21rbs-3391765-29
New 2027 Outdoors RV Creek Side Titanium Series 22KVS,324.0,6700,8750,850,Unassigned,Inbound / Incoming,https://assets.interactcp.com/apachecamping/unit_photo/imgh_800x600-m0417202619154469/unit_photo_202512030613519251017299.jpg,https://www.apachecamping.com/product/new-2027-outdoors-rv-creek-side-titanium-series-22kvs-3391767-29
New 2027 Outdoors RV Timber Ridge Titanium Series 22CE,316.0,6780,9995,630,Unassigned,Inbound / Incoming,https://assets.interactcp.com/apachecamping/unit_photo/imgh_800x600-m0417202619154469/unit_photo_202602240840166616921344.jpg,https://www.apachecamping.com/product/new-2027-outdoors-rv-timber-ridge-titanium-series-22ce-3510369-29
New 2027 Outdoors RV Timber Ridge Titanium Series 22FQS,323.0,6780,9995,700,Unassigned,Inbound / Incoming,https://assets.interactcp.com/apachecamping/unit_photo/imgh_800x600-m0417202619154469/unit_photo_202602241140380170832858.jpg,https://www.apachecamping.com/product/new-2027-outdoors-rv-timber-ridge-titanium-series-22fqs-3510373-29
New 2027 Outdoors RV Timber Ridge Titanium Series 22MKS,326.0,5200,9995,1199,Unassigned,Inbound / Incoming,https://assets.interactcp.com/apachecamping/unit_photo/imgh_800x600-m0417202619154469/unit_photo_202602241140377551569679.jpg,https://www.apachecamping.com/product/new-2027-outdoors-rv-timber-ridge-titanium-series-22mks-3510371-29
New 2027 Outdoors RV Timber Ridge Titanium Series 24BKS,347.0,7280,9995,850,Unassigned,Inbound / Incoming,https://assets.interactcp.com/apachecamping/unit_photo/imgh_800x600-m0417202619154469/unit_photo_202512030613576314288595.jpg,https://www.apachecamping.com/product/new-2027-outdoors-rv-timber-ridge-titanium-series-24bks-3391788-29
New 2025 Outdoors RV Trail Series MTN TRX 29TRX,35.8,9620,13995,1600,Kitsap / Poulsbo,On Lot,https://assets.interactcp.com/apachecamping/unit_photo/imgh_800x600-m0506202618440857/unit_photo_20260506064408576023613.jpg,https://www.apachecamping.com/product/new-2025-outdoors-rv-trail-series-mtn-trx-29trx-3612068-28
New 2026 Outdoors RV Trail Series MTN TRX 25TRX,26.0,5200,7000,840,Kitsap / Poulsbo,On Lot,https://assets.interactcp.com/apachecamping/unit_photo/imgh_800x600-m0508202619570863/unit_photo_202605080757086318365357.jpg,https://www.apachecamping.com/product/new-2026-outdoors-rv-trail-series-mtn-trx-25trx-3598463-28
New 2026 Outdoors RV Trail Series MTN TRX Titanium Series 27TRX,33.2,9880,13995,1450,Everett,On Lot,https://assets.interactcp.com/apachecamping/unit_photo/imgh_800x600-m0417202619154469/unit_photo_202509190534467996188269.jpg,https://www.apachecamping.com/product/new-2026-outdoors-rv-trail-series-mtn-trx-titanium-series-27trx-3200841-28
New 2026 Outdoors RV Trail Series MTN TRX Titanium Series 27TRX,33.4,9880,13995,1450,Everett,On Lot,https://assets.interactcp.com/apachecamping/unit_photo/imgh_800x600-m0717202616221813/unit_photo_202607170422181307186116.jpg,https://www.apachecamping.com/product/new-2026-outdoors-rv-trail-series-mtn-trx-titanium-series-27trx-3580055-28
New 2026 Outdoors RV Trail Series MTN TRX Titanium Series 25TRX,26.0,5200,7000,840,Everett,On Lot,https://assets.interactcp.com/apachecamping/unit_photo/imgh_800x600-m0509202619332485/unit_photo_202605090733248520470698.png,https://www.apachecamping.com/product/new-2026-outdoors-rv-trail-series-mtn-trx-titanium-series-25trx-3613270-28
New 2027 Outdoors RV Trail Series MTN TRX Titanium Series 29TRX,36.0,10330,13995,1700,Everett,On Lot,https://assets.interactcp.com/interactrv/unit_tech_drawing/imgh_800x600-m0708202619561694/unit_tech_drawing_202607080756169457343103.png,https://www.apachecamping.com/product/new-2027-outdoors-rv-trail-series-mtn-trx-titanium-series-29trx-3749077-28
New 2027 Northwood Desert Fox 24AS,30.2,8595,12000,1512,Unassigned,Inbound / Incoming,https://assets.interactcp.com/apachecamping/unit_photo/imgh_800x600-m0612202623184172/unit_photo_202606121118417238416365.jpg,https://www.apachecamping.com/product/new-2027-northwood-desert-fox-24as-3663125-28
New 2027 Northwood Desert Fox 27FS,32.6,8942,12000,1494,Unassigned,Inbound / Incoming,https://assets.interactcp.com/apachecamping/unit_photo/imgh_800x600-m0612202623201554/unit_photo_202606121120155446660815.jpg,https://www.apachecamping.com/product/new-2027-northwood-desert-fox-27fs-3663126-28
New 2027 Outdoors RV Trail Series MTN TRX Titanium Series 24TRX,361.0,9230,12995,1400,Unassigned,Inbound / Incoming,https://assets.interactcp.com/apachecamping/unit_photo/imgh_800x600-m0417202619154469/unit_photo_202512030613551203361891.jpg,https://www.apachecamping.com/product/new-2027-outdoors-rv-trail-series-mtn-trx-titanium-series-24trx-3391778-28
New 2027 Outdoors RV Trail Series MTN TRX Titanium Series 24TRX,30.1,9230,12995,1400,Unassigned,Inbound / Incoming,https://assets.interactcp.com/apachecamping/unit_photo/imgh_800x600-m0417202619154469/unit_photo_202603270123210956366147.jpg,https://www.apachecamping.com/product/new-2027-outdoors-rv-trail-series-mtn-trx-titanium-series-24trx-3558802-28
New 2027 Outdoors RV Trail Series MTN TRX Titanium Series 27TRX,401.0,9880,13995,1450,Unassigned,Inbound / Incoming,https://assets.interactcp.com/apachecamping/unit_photo/imgh_800x600-m0417202619154469/unit_photo_202512030613553525215238.jpg,https://www.apachecamping.com/product/new-2027-outdoors-rv-trail-series-mtn-trx-titanium-series-27trx-3391779-28
New 2027 Outdoors RV Trail Series MTN TRX Titanium Series 29TRX,432.0,10100,13995,1600,Unassigned,Inbound / Incoming,https://assets.interactcp.com/apachecamping/unit_photo/imgh_800x600-m0417202619154469/unit_photo_202512030613555947618207.jpg,https://www.apachecamping.com/product/new-2027-outdoors-rv-trail-series-mtn-trx-titanium-series-29trx-3391780-28
New 2026 nuCamp RV TAB 320 Black Canyon T@B,15.5,2109,3909,208,Tacoma,On Lot,https://assets.interactcp.com/apachecamping/unit_photo/imgh_800x600-m0623202623514119/unit_photo_202606231151411886619470.jpg,https://www.apachecamping.com/product/new-2026-nucamp-rv-tab-320-black-canyon-t%40b-3226151-102
New 2026 nuCamp RV TAB 320 Black Canyon T@B,15.5,2109,3909,208,Everett,On Lot,https://assets.interactcp.com/apachecamping/unit_photo/imgh_800x600-m0417202619154469/unit_photo_202512030615248573323236.jpg,https://www.apachecamping.com/product/new-2026-nucamp-rv-tab-320-black-canyon-t%40b-3391816-102
New 2026 nuCamp RV TAB 320 Black Canyon T@B,15.5,2109,3909,208,Kitsap / Poulsbo,On Lot,https://assets.interactcp.com/apachecamping/unit_photo/imgh_800x600-m0417202619154469/unit_photo_202512030615426715264749.jpg,https://www.apachecamping.com/product/new-2026-nucamp-rv-tab-320-black-canyon-t%40b-3391820-102
Used 2026 nuCamp RV TAB 320 Black Canyon,15.5,2109,3909,208,Everett,On Lot,https://assets.interactcp.com/apachecamping/unit_photo/imgh_800x600-m0804202620482931/unit_photo_202608040848293144640291.jpg,https://www.apachecamping.com/product/used-2026-nucamp-rv-tab-320-black-canyon-3737234-102
Used 2025 nuCamp RV TAB 360 Boondock,16.7,2714,4514,376,Tacoma,On Lot,https://assets.interactcp.com/apachecamping/unit_photo/imgh_800x600-m0820202620540936/unit_photo_202608200854093626720101.jpg,https://www.apachecamping.com/product/used-2025-nucamp-rv-tab-360-boondock-3758436-102
New 2027 nuCamp RV TAB 320 Black Canyon,15.5,2109,3909,208,Portland / Clackamas,On Lot,https://assets.interactcp.com/apachecamping/unit_photo/imgh_800x600-m0821202618183965/unit_photo_202608210618396560121361.jpg,https://www.apachecamping.com/product/new-2027-nucamp-rv-tab-320-black-canyon-3758462-102
New 2027 nuCamp RV TAB 320 Black Canyon,15.5,2109,3909,208,Tacoma,On Lot,https://assets.interactcp.com/apachecamping/unit_photo/imgh_800x600-m0903202617075719/unit_photo_202609030507571901129779.jpg,https://www.apachecamping.com/product/new-2027-nucamp-rv-tab-320-black-canyon-3763834-102
New 2027 nuCamp RV TAB 320 Black Canyon,15.5,2109,3909,208,Kitsap / Poulsbo,On Lot,https://assets.interactcp.com/apachecamping/unit_photo/imgh_800x600-m0904202619142226/unit_photo_2026090407142226089174.jpg,https://www.apachecamping.com/product/new-2027-nucamp-rv-tab-320-black-canyon-3769192-102
New 2027 nuCamp RV TAB 320 BD Black Canyon,15.5,2109,3909,208,Everett,On Lot,https://assets.interactcp.com/interactrv/unit_tech_drawing/imgh_800x600-m0708202618174750/unit_tech_drawing_202607080617475034629111.png,https://www.apachecamping.com/product/new-2027-nucamp-rv-tab-320-bd-black-canyon-3759799-102
New 2027 nuCamp RV TAB 320 Lithium Package Black Canyon,15.5,2109,3909,208,Portland / Clackamas,On Lot,https://assets.interactcp.com/apachecamping/unit_photo/imgh_800x600-m0908202620272524/unit_photo_202609080827252413301698.jpg,https://www.apachecamping.com/product/new-2027-nucamp-rv-tab-320-lithium-package-black-canyon-3777459-102
New 2026 nuCamp RV TAB 360 Black Canyon,16.7,2605,4405,359,Everett,On Lot,https://assets.interactcp.com/apachecamping/unit_photo/imgh_800x600-m0630202618260917/unit_photo_202606300626091774885528.jpg,https://www.apachecamping.com/product/new-2026-nucamp-rv-tab-360-black-canyon-3696163-102
New 2026 nuCamp RV TAB 360 Black Canyon,16.7,2605,4405,359,Kitsap / Poulsbo,On Lot,https://assets.interactcp.com/apachecamping/unit_photo/imgh_800x600-m0710202618454781/unit_photo_202607100645478137967733.jpg,https://www.apachecamping.com/product/new-2026-nucamp-rv-tab-360-black-canyon-3704038-102
New 2026 nuCamp RV TAB 360 CS Black Canyon T@B,18.2,3100,4900,454,Portland / Clackamas,On Lot,https://assets.interactcp.com/apachecamping/unit_photo/imgh_800x600-m0417202619154469/unit_photo_20260306022641177396499.jpg,https://www.apachecamping.com/product/new-2026-nucamp-rv-tab-360-cs-black-canyon-t%40b-3523984-102
New 2026 nuCamp RV TAB 360 Lithium Black Canyon,16.7,2605,4405,359,Portland / Clackamas,On Lot,https://assets.interactcp.com/apachecamping/unit_photo/imgh_800x600-m0709202616272060/unit_photo_202607090427206033444647.jpg,https://www.apachecamping.com/product/new-2026-nucamp-rv-tab-360-lithium-black-canyon-3708772-102
New 2027 nuCamp RV TAB 400 Black Canyon,18.2,2885,4685,450,Kitsap / Poulsbo,On Lot,https://assets.interactcp.com/apachecamping/unit_photo/imgh_800x600-m0819202622341736/unit_photo_202608191034173629970233.jpg,https://www.apachecamping.com/product/new-2027-nucamp-rv-tab-400-black-canyon-3751883-102
New 2027 nuCamp RV TAB 400 Black Canyon,18.2,2885,4685,450,Tacoma,On Lot,https://assets.interactcp.com/apachecamping/unit_photo/imgh_800x600-m0903202617125201/unit_photo_202609030512520144444510.jpg,https://www.apachecamping.com/product/new-2027-nucamp-rv-tab-400-black-canyon-3752867-102
New 2027 nuCamp RV TAB 400 Black Canyon,18.2,2885,4685,450,Everett,On Lot,https://assets.interactcp.com/interactrv/unit_tech_drawing/imgh_800x600-m0708202619305670/unit_tech_drawing_202607080730567051169512.png,https://www.apachecamping.com/product/new-2027-nucamp-rv-tab-400-black-canyon-3755452-102
New 2027 nuCamp RV TAB 400 Hidden Bunk,18.2,2885,4685,450,Portland / Clackamas,On Lot,https://assets.interactcp.com/apachecamping/unit_photo/imgh_800x600-m0803202615142005/unit_photo_202608030314200576348314.jpg,https://www.apachecamping.com/product/new-2027-nucamp-rv-tab-400-hidden-bunk-3735972-102
Used 2019 CrossRoads RV Cruiser Aire CR28RD,32.6,8454,10270,1479,Everett,On Lot,https://assets.interactcp.com/apachecamping/unit_photo/imgh_800x600-m0417202619154469/unit_photo_202508090217059084025638.jpg,https://www.apachecamping.com/product/used-2019-crossroads-rv-cruiser-aire-cr28rd-3120190-5
Used 2024 Northwood Arctic Fox Grande Ronde 36-5VS,39.7,14520,16300,2830,Portland / Clackamas,On Lot,https://assets.interactcp.com/apachecamping/unit_photo/imgh_800x600-m0527202617323034/unit_photo_202605270532303414249945.jpg,https://www.apachecamping.com/product/used-2024-northwood-arctic-fox-grande-ronde-36-5vs-3639060-5
New 2027 Forest River RV Flagstaff Classic 290CFK,29.8,8764,10898,1635,Everett,On Lot,https://assets.interactcp.com/apachecamping/unit_photo/imgh_800x600-m0826202622472113/unit_photo_202608261047211296046924.jpg,https://www.apachecamping.com/product/new-2027-forest-river-rv-flagstaff-classic-290cfk-3763826-5
New 2027 Forest River RV Flagstaff Classic 290CFK,29.8,8764,10898,1635,Portland / Clackamas,On Lot,https://assets.interactcp.com/interactrv/unit_tech_drawing/imgh_800x600-m0820202618025414/unit_tech_drawing_202608200602541455941490.png,https://www.apachecamping.com/product/new-2027-forest-river-rv-flagstaff-classic-290cfk-3779323-5
New 2027 Northwood Arctic Fox Rapid 255MRE,29.2,9630,12000,2440,Portland / Clackamas,On Lot,https://assets.interactcp.com/apachecamping/unit_photo/imgh_800x600-m0618202614400260/unit_photo_202606180240026037306840.jpg,https://www.apachecamping.com/product/new-2027-northwood-arctic-fox-rapid-255mre-3658920-5
New 2027 Northwood Arctic Fox Rapid 255MRE,29.2,9630,12000,2440,Everett,On Lot,https://assets.interactcp.com/apachecamping/unit_photo/imgh_800x600-m0709202620380105/unit_photo_202607090838010573207281.jpg,https://www.apachecamping.com/product/new-2027-northwood-arctic-fox-rapid-255mre-3670058-5
New 2027 Northwood Arctic Fox NXT 295RL,34.6,12735,15800,2545,Unassigned,Inbound / Incoming,https://assets.interactcp.com/apachecamping/unit_photo/imgh_800x600-m0612202621471904/unit_photo_202606120947190414816607.jpg,https://www.apachecamping.com/product/new-2027-northwood-arctic-fox-nxt-295rl-3663080-5
New 2027 Northwood Arctic Fox NXT 325MK,36.8,13860,16300,3120,Unassigned,Inbound / Incoming,https://assets.interactcp.com/apachecamping/unit_photo/imgh_800x600-m0612202621511453/unit_photo_202606120951145332211788.jpg,https://www.apachecamping.com/product/new-2027-northwood-arctic-fox-nxt-325mk-3663082-5
New 2027 Northwood Arctic Fox NXT 365VS,39.7,14505,16000,2840,Unassigned,Inbound / Incoming,https://assets.interactcp.com/apachecamping/unit_photo/imgh_800x600-m0612202621523529/unit_photo_202606120952352898263707.jpg,https://www.apachecamping.com/product/new-2027-northwood-arctic-fox-nxt-365vs-3663083-5
New 2027 Northwood Arctic Fox Rapid 225RBS,26.0,5200,7000,840,Unassigned,Inbound / Incoming,https://assets.interactcp.com/apachecamping/unit_photo/imgh_800x600-m0612202623115838/unit_photo_202606121111583801188249.jpg,https://www.apachecamping.com/product/new-2027-northwood-arctic-fox-rapid-225rbs-3663124-5
New 2027 Northwood Arctic Fox Rapid 235RLS,27.8,8761,12000,1930,Unassigned,Inbound / Incoming,https://assets.interactcp.com/apachecamping/unit_photo/imgh_800x600-m0612202623084026/unit_photo_202606121108402624742143.jpg,https://www.apachecamping.com/product/new-2027-northwood-arctic-fox-rapid-235rls-3663122-5
New 2027 Northwood Arctic Fox Rapid 255MRE,29.2,9630,12000,2440,Unassigned,Inbound / Incoming,https://assets.interactcp.com/apachecamping/unit_photo/imgh_800x600-m0612202623101309/unit_photo_202606121110130969668185.jpg,https://www.apachecamping.com/product/new-2027-northwood-arctic-fox-rapid-255mre-3663123-5
New 2027 Outdoors RV Glacier Peak Titanium Series F26RKS,366.0,9775,12995,2100,Unassigned,Inbound / Incoming,https://assets.interactcp.com/apachecamping/unit_photo/imgh_800x600-m0417202619154469/unit_photo_202512030613542225851736.jpg,https://www.apachecamping.com/product/new-2027-outdoors-rv-glacier-peak-titanium-series-f26rks-3391774-5
New 2027 Outdoors RV Glacier Peak Titanium Series F27KVS,393.0,10270,12995,2165,Unassigned,Inbound / Incoming,https://assets.interactcp.com/apachecamping/unit_photo/imgh_800x600-m0417202619154469/unit_photo_202512030613544460184685.jpg,https://www.apachecamping.com/product/new-2027-outdoors-rv-glacier-peak-titanium-series-f27kvs-3391775-5
New 2027 Outdoors RV Glacier Peak Titanium Series F27MKS,384.0,10150,12995,2135,Unassigned,Inbound / Incoming,https://assets.interactcp.com/apachecamping/unit_photo/imgh_800x600-m0417202619154469/unit_photo_20251203061354678360336.jpg,https://www.apachecamping.com/product/new-2027-outdoors-rv-glacier-peak-titanium-series-f27mks-3391776-5
New 2027 Outdoors RV Glacier Peak Titanium Series F28RKS,416.0,10575,12995,2475,Unassigned,Inbound / Incoming,https://assets.interactcp.com/apachecamping/unit_photo/imgh_800x600-m0417202619154469/unit_photo_2025120306135489775375.jpg,https://www.apachecamping.com/product/new-2027-outdoors-rv-glacier-peak-titanium-series-f28rks-3391777-5
Used 2017 Dutchmen RV Triton 3451,37.7,11295,16800,2614,Everett,On Lot,https://assets.interactcp.com/apachecamping/unit_photo/imgh_800x600-m0417202619154469/unit_photo_202508210832487464913656.jpg,https://www.apachecamping.com/product/used-2017-dutchmen-rv-triton-3451-3159920-26
Used 2021 Jayco Seismic 4125,552.0,15235,20695,3605,Everett,On Lot,https://assets.interactcp.com/apachecamping/unit_photo/imgh_800x600-m0417202619154469/unit_photo_20251009082522900451535.jpg,https://www.apachecamping.com/product/used-2021-jayco-seismic-4125-3272887-26
Used 2021 Adventurer Manufacturing Inc. Scout 6.2 Olympic,26.0,5200,7000,840,Everett,On Lot,https://assets.interactcp.com/apachecamping/unit_photo/imgh_800x600-m0417202619154469/unit_photo_202601090313367516528528.jpg,https://www.apachecamping.com/product/used-2021-adventurer-manufacturing-inc-dot-scout-6-dot-2-olympic-3426086-30
Used 2020 Lance Lance Truck Campers 855S,18.0,5200,7000,840,Portland / Clackamas,On Lot,https://assets.interactcp.com/apachecamping/unit_photo/imgh_800x600-m0417202619154469/unit_photo_202508090219069341193671.jpg,https://www.apachecamping.com/product/used-2020-lance-lance-truck-campers-855s-3120227-30
New 2026 Lance Lance Truck Campers 610 Squire,26.0,5200,7000,840,Portland / Clackamas,On Lot,https://assets.interactcp.com/apachecamping/unit_photo/imgh_800x600-m0417202619154469/unit_photo_202604020422145566411588.jpg,https://www.apachecamping.com/product/new-2026-lance-lance-truck-campers-610-squire-3569057-30
New 2026 Adventurer Manufacturing Inc. Scout Tuktut,9.2,5200,7000,840,Portland / Clackamas,On Lot,https://assets.interactcp.com/apachecamping/unit_photo/imgh_800x600-m0730202617584159/unit_photo_202607300558415910338942.jpg,https://www.apachecamping.com/product/new-2026-adventurer-manufacturing-inc-dot-scout-tuktut-3734354-30
New 2027 nuCamp RV Cirrus 620 Lite,26.0,5200,7000,840,Kitsap / Poulsbo,On Lot,https://assets.interactcp.com/apachecamping/unit_photo/imgh_800x600-m0904202622035699/unit_photo_20260904100356992566030.jpg,https://www.apachecamping.com/product/new-2027-nucamp-rv-cirrus-620-lite-3777188-30
New 2027 Lance Squire Truck Campers SQ610,12.6,5200,7000,840,Kitsap / Poulsbo,On Lot,https://assets.interactcp.com/apachecamping/unit_photo/imgh_800x600-m0904202618383795/unit_photo_202609040638379516143842.jpg,https://www.apachecamping.com/product/new-2027-lance-squire-truck-campers-sq610-3763782-30
New 2027 nuCamp RV Cirrus 620 Lite,12.7,5200,7000,840,Portland / Clackamas,On Lot,https://assets-cdn.interactcp.com/apachecamping/images/facebook-banner.jpg,https://www.apachecamping.com/product/new-2027-nucamp-rv-cirrus-620-lite-3771827-30
Used 2023 nuCamp RV Cirrus 620,12.7,1637,3437,412,Everett,On Lot,https://assets.interactcp.com/apachecamping/unit_photo/imgh_800x600-m0709202620541688/unit_photo_202607090854168873861282.jpg,https://www.apachecamping.com/product/used-2023-nucamp-rv-cirrus-620-3654345-30
Used 2026 Adventurer Manufacturing Inc. Adventurer 80RB,15.8,1752,3552,426,Kitsap / Poulsbo,On Lot,https://assets.interactcp.com/apachecamping/unit_photo/imgh_800x600-m0910202616425798/unit_photo_202609100442579850432170.jpg,https://www.apachecamping.com/product/used-2026-adventurer-manufacturing-inc-dot-adventurer-80rb-3765991-30
New 2026 Adventurer Manufacturing Inc. Scout Yoho,10.1,929,2729,327,Everett,On Lot,https://assets.interactcp.com/apachecamping/unit_photo/imgh_800x600-m0804202620491897/unit_photo_202608040849189753041985.jpg,https://www.apachecamping.com/product/new-2026-adventurer-manufacturing-inc-dot-scout-yoho-3734104-30
New 2026 Adventurer Manufacturing Inc. Scout Yoho,10.1,929,2729,327,Everett,On Lot,https://assets.interactcp.com/apachecamping/unit_photo/imgh_800x600-m0806202622370446/unit_photo_202608061037044656242586.jpg,https://www.apachecamping.com/product/new-2026-adventurer-manufacturing-inc-dot-scout-yoho-3734108-30
New 2026 Adventurer Manufacturing Inc. Scout Yoho,26.0,5200,7000,840,Tacoma,On Lot,https://assets.interactcp.com/apachecamping/unit_photo/imgh_800x600-m0514202618381368/unit_photo_202605140638136847359918.jpg,https://www.apachecamping.com/product/new-2026-adventurer-manufacturing-inc-dot-scout-yoho-3602491-30
New 2026 Adventurer Manufacturing Inc. Adventurer 65RB,13.0,5200,7000,840,Tacoma,On Lot,https://assets.interactcp.com/apachecamping/unit_photo/imgh_800x600-m0417202619154469/unit_photo_202510240246274605682563.jpg,https://www.apachecamping.com/product/new-2026-adventurer-manufacturing-inc-dot-adventurer-65rb-3289031-30
Used 2023 Northwood Arctic Fox Camper 811 Wet Bath,16.7,5200,7000,840,Tacoma,On Lot,https://assets.interactcp.com/apachecamping/unit_photo/imgh_800x600-m0417202619154469/unit_photo_202510251149416864116338.jpg,https://www.apachecamping.com/product/used-2023-northwood-arctic-fox-camper-811-wet-bath-3272888-30
Used 2021 Northwood Arctic Fox Camper 992 Dry Bath,17.8,3235,5035,604,Tacoma,On Lot,https://assets.interactcp.com/apachecamping/unit_photo/imgh_800x600-m0826202618500513/unit_photo_202608260650051352217449.jpg,https://www.apachecamping.com/product/used-2021-northwood-arctic-fox-camper-992-dry-bath-3766006-30
New 2026 Adventurer Manufacturing Inc. Scout Olympic Pop-Up,10.6,5200,7000,840,Kitsap / Poulsbo,On Lot,https://assets.interactcp.com/apachecamping/unit_photo/imgh_800x600-m0417202619154469/unit_photo_202603200121564230522927.jpg,https://www.apachecamping.com/product/new-2026-adventurer-manufacturing-inc-dot-scout-olympic-pop-up-3521818-30
New 2027 Adventurer Manufacturing Inc. Adventurer 80RB,15.8,5200,7000,840,Portland / Clackamas,On Lot,https://assets.interactcp.com/apachecamping/unit_photo/imgh_800x600-m0730202617572529/unit_photo_202607300557252977856863.jpg,https://www.apachecamping.com/product/new-2027-adventurer-manufacturing-inc-dot-adventurer-80rb-3734315-30
New 2027 Adventurer Manufacturing Inc. Adventurer 80RB,15.8,5200,7000,840,Portland / Clackamas,On Lot,https://assets.interactcp.com/apachecamping/unit_photo/imgh_800x600-m0730202617560703/unit_photo_202607300556070327993441.jpg,https://www.apachecamping.com/product/new-2027-adventurer-manufacturing-inc-dot-adventurer-80rb-3734327-30
New 2027 Adventurer Manufacturing Inc. Adventurer 80RB,15.8,1830,3630,436,Portland / Clackamas,On Lot,https://assets.interactcp.com/apachecamping/unit_photo/imgh_800x600-m0817202622215254/unit_photo_202608171021525479196522.jpg,https://www.apachecamping.com/product/new-2027-adventurer-manufacturing-inc-dot-adventurer-80rb-3749058-30
New 2026 Adventurer Manufacturing Inc. Scout Olympic Pop-Up,10.6,5200,7000,840,Everett,On Lot,https://assets.interactcp.com/apachecamping/unit_photo/imgh_800x600-m0812202623041169/unit_photo_202608121104116922407941.jpg,https://www.apachecamping.com/product/new-2026-adventurer-manufacturing-inc-dot-scout-olympic-pop-up-3749068-30
New 2026 Adventurer Manufacturing Inc. Scout Olympic Pop-Up,10.6,5200,7000,840,Portland / Clackamas,On Lot,https://assets.interactcp.com/apachecamping/unit_photo/imgh_800x600-m0813202620154663/unit_photo_202608130815466329428645.jpg,https://www.apachecamping.com/product/new-2026-adventurer-manufacturing-inc-dot-scout-olympic-pop-up-3750146-30
New 2026 Adventurer Manufacturing Inc. Scout Olympic Pop-Up,10.6,5200,7000,840,Tacoma,On Lot,https://assets.interactcp.com/apachecamping/unit_photo/imgh_800x600-m0902202618015635/unit_photo_202609020601563575893643.jpg,https://www.apachecamping.com/product/new-2026-adventurer-manufacturing-inc-dot-scout-olympic-pop-up-3752864-30
New 2027 Adventurer Manufacturing Inc. Adventurer 80RB,15.8,5200,7000,840,Kitsap / Poulsbo,On Lot,https://assets.interactcp.com/apachecamping/unit_photo/imgh_800x600-m0723202621223492/unit_photo_20260723092234924589862.jpg,https://www.apachecamping.com/product/new-2027-adventurer-manufacturing-inc-dot-adventurer-80rb-3725659-30
New 2027 Adventurer Manufacturing Inc. Adventurer 80RB,15.8,1830,3630,436,Everett,On Lot,https://assets.interactcp.com/apachecamping/unit_photo/imgh_800x600-m0723202621243728/unit_photo_202607230924372830306380.jpg,https://www.apachecamping.com/product/new-2027-adventurer-manufacturing-inc-dot-adventurer-80rb-3727120-30
New 2026 Adventurer Manufacturing Inc. Scout Kenai,12.2,1232,3032,364,Kitsap / Poulsbo,On Lot,https://assets.interactcp.com/apachecamping/unit_photo/imgh_800x600-m0610202623381582/unit_photo_202606101138158256183812.jpg,https://www.apachecamping.com/product/new-2026-adventurer-manufacturing-inc-dot-scout-kenai-3654081-30
Used 2026 nuCamp RV Cirrus 820,26.0,5200,7000,840,Portland / Clackamas,On Lot,https://assets.interactcp.com/apachecamping/unit_photo/imgh_800x600-m0423202616055506/unit_photo_202604230405550660508262.jpg,https://www.apachecamping.com/product/used-2026-nucamp-rv-cirrus-820-3120484-30
New 2026 nuCamp RV Cirrus 620,12.7,5200,7000,840,Tacoma,On Lot,https://assets.interactcp.com/apachecamping/unit_photo/imgh_800x600-m0417202619154469/unit_photo_20250924083311868520538.jpg,https://www.apachecamping.com/product/new-2026-nucamp-rv-cirrus-620-3262281-30
New 2026 nuCamp RV Cirrus 620,12.7,1565,3365,404,Everett,On Lot,https://assets.interactcp.com/apachecamping/unit_photo/imgh_800x600-m0417202619154469/unit_photo_202604100107373064696744.jpg,https://www.apachecamping.com/product/new-2026-nucamp-rv-cirrus-620-3570859-30
Used 2025 Northern Lite Sportsman Plus 8-11EX SP Wet Bath,16.2,5200,7000,840,Portland / Clackamas,On Lot,https://assets.interactcp.com/apachecamping/unit_photo/imgh_800x600-m0901202623514410/unit_photo_202609011151441019711368.jpg,https://www.apachecamping.com/product/used-2025-northern-lite-sportsman-plus-8-11ex-sp-wet-bath-3773546-30
New 2026 Adventurer Manufacturing Inc. Scout Kenai Pop-Up,12.2,5200,7000,840,Tacoma,On Lot,https://assets.interactcp.com/apachecamping/unit_photo/imgh_800x600-m0514202618251499/unit_photo_202605140625149941268985.jpg,https://www.apachecamping.com/product/new-2026-adventurer-manufacturing-inc-dot-scout-kenai-pop-up-3616788-30
New 2026 Northern Lite 610 Std Model,11.3,5200,7000,840,Portland / Clackamas,On Lot,https://assets.interactcp.com/apachecamping/unit_photo/imgh_800x600-m0417202619154469/unit_photo_202510040301132954629278.jpg,https://www.apachecamping.com/product/new-2026-northern-lite-610-std-model-3275085-30
New 2026 nuCamp RV Cirrus 820,17.7,5200,7000,840,Everett,On Lot,https://assets.interactcp.com/apachecamping/unit_photo/imgh_800x600-m0417202619154469/unit_photo_202511210302044790475675.jpg,https://www.apachecamping.com/product/new-2026-nucamp-rv-cirrus-820-3362734-30
New 2026 nuCamp RV Cirrus 820,17.7,5200,7000,840,Kitsap / Poulsbo,On Lot,https://assets.interactcp.com/apachecamping/unit_photo/imgh_800x600-m0417202619154469/unit_photo_202512030616359058470645.jpg,https://www.apachecamping.com/product/new-2026-nucamp-rv-cirrus-820-3391836-30
New 2026 nuCamp RV Cirrus 820,17.7,2876,4676,561,Portland / Clackamas,On Lot,https://assets.interactcp.com/apachecamping/unit_photo/imgh_800x600-m0417202619154469/unit_photo_202604021007195229690798.jpg,https://www.apachecamping.com/product/new-2026-nucamp-rv-cirrus-820-3567823-30
New 2026 nuCamp RV Cirrus 820,17.7,5200,7000,840,Tacoma,On Lot,https://assets.interactcp.com/apachecamping/unit_photo/imgh_800x600-m0425202622055743/unit_photo_202604251005574373050944.jpg,https://www.apachecamping.com/product/new-2026-nucamp-rv-cirrus-820-3571845-30
New 2026 Northwood Arctic Fox Camper 811 LB,16.7,5200,7000,840,Everett,On Lot,https://assets.interactcp.com/apachecamping/unit_photo/imgh_800x600-m0417202619154469/unit_photo_202509120223547729501961.jpg,https://www.apachecamping.com/product/new-2026-northwood-arctic-fox-camper-811-lb-3184630-30
New 2026 Northwood Arctic Fox Camper 811,16.7,2873,4673,561,Everett,On Lot,https://assets.interactcp.com/apachecamping/unit_photo/imgh_800x600-m0709202620443660/unit_photo_202607090844365996610505.jpg,https://www.apachecamping.com/product/new-2026-northwood-arctic-fox-camper-811-3693634-30
New 2026 Northwood Arctic Fox Camper 811LB Lithium Package,16.7,5200,7000,840,Portland / Clackamas,On Lot,https://assets.interactcp.com/apachecamping/unit_photo/imgh_800x600-m0417202619154469/unit_photo_202603031122181820226545.jpg,https://www.apachecamping.com/product/new-2026-northwood-arctic-fox-camper-811lb-lithium-package-3490705-30
New 2026 Northwood Arctic Fox Camper 811SB Lithium Package,200.0,5200,7000,840,Everett,On Lot,https://assets.interactcp.com/apachecamping/unit_photo/imgh_800x600-m0417202619154469/unit_photo_202601251204117161874744.jpg,https://www.apachecamping.com/product/new-2026-northwood-arctic-fox-camper-811sb-lithium-package-3468818-30
New 2026 Northwood Arctic Fox Camper 990,210.0,5200,7000,840,Kitsap / Poulsbo,On Lot,https://assets.interactcp.com/apachecamping/unit_photo/imgh_800x600-m0417202619154469/unit_photo_202512020911146297857727.jpg,https://www.apachecamping.com/product/new-2026-northwood-arctic-fox-camper-990-3370789-30
New 2026 Northwood Arctic Fox Camper 990,17.5,5200,7000,840,Tacoma,On Lot,https://assets.interactcp.com/apachecamping/unit_photo/imgh_800x600-m0611202623424743/unit_photo_202606111142474299296629.jpg,https://www.apachecamping.com/product/new-2026-northwood-arctic-fox-camper-990-3574218-30
New 2026 Northwood Arctic Fox Camper 990 WB,210.0,5200,7000,840,Everett,On Lot,https://assets.interactcp.com/apachecamping/unit_photo/imgh_800x600-m0417202619154469/unit_photo_202512020911122342691209.jpg,https://www.apachecamping.com/product/new-2026-northwood-arctic-fox-camper-990-wb-3370090-30
New 2026 Northern Lite Sportsman Plus 8-11EX SP Wet Bath,16.2,5200,7000,840,Kitsap / Poulsbo,On Lot,https://assets.interactcp.com/apachecamping/unit_photo/imgh_800x600-m0417202619154469/unit_photo_202512110314054022895976.jpg,https://www.apachecamping.com/product/new-2026-northern-lite-sportsman-plus-8-11ex-sp-wet-bath-3395817-30
New 2026 Northern Lite Sportsman Plus 9-6 SP Wet Bath,16.5,5200,7000,840,Kitsap / Poulsbo,On Lot,https://assets.interactcp.com/apachecamping/unit_photo/imgh_800x600-m0417202619154469/unit_photo_202601171206532899601718.jpg,https://www.apachecamping.com/product/new-2026-northern-lite-sportsman-plus-9-6-sp-wet-bath-3452530-30
New 2026 Northwood Arctic Fox Camper 1140 Dry Bath,19.0,5200,7000,840,Tacoma,On Lot,https://assets.interactcp.com/apachecamping/unit_photo/imgh_800x600-m0417202619154469/unit_photo_202512100904400601514862.jpg,https://www.apachecamping.com/product/new-2026-northwood-arctic-fox-camper-1140-dry-bath-3374122-30
New 2026 Northwood Arctic Fox Camper 1150 Dry Bath,19.0,5200,7000,840,Tacoma,On Lot,https://assets.interactcp.com/apachecamping/unit_photo/imgh_800x600-m0417202619154469/unit_photo_202512030617557001422913.jpg,https://www.apachecamping.com/product/new-2026-northwood-arctic-fox-camper-1150-dry-bath-3391862-30
New 2026 Northwood Arctic Fox Camper 811,16.7,2873,4673,561,Everett,On Lot,https://assets.interactcp.com/apachecamping/unit_photo/imgh_800x600-m0709202620440026/unit_photo_202607090844002608942910.jpg,https://www.apachecamping.com/product/new-2026-northwood-arctic-fox-camper-811-3693673-30
New 2027 Bigfoot Industries Bigfoot 1500 Series C9.5 FSLB,16.5,5200,7000,840,Portland / Clackamas,On Lot,https://assets.interactcp.com/apachecamping/unit_photo/imgh_800x600-m0709202616592069/unit_photo_202607090459206959601237.jpg,https://www.apachecamping.com/product/new-2027-bigfoot-industries-bigfoot-1500-series-c9-dot-5-fslb-3708896-30
New 2027 Northwood Arctic Fox Camper 992,17.8,5200,7000,840,Tacoma,On Lot,https://assets.interactcp.com/apachecamping/unit_photo/imgh_800x600-m0806202622432704/unit_photo_202608061043270406781983.jpg,https://www.apachecamping.com/product/new-2027-northwood-arctic-fox-camper-992-3741218-30
New 2027 Northwood Arctic Fox Camper 992,17.8,5200,7000,840,Kitsap / Poulsbo,On Lot,https://assets.interactcp.com/apachecamping/unit_photo/imgh_800x600-m0902202620354494/unit_photo_202609020835449395555550.jpg,https://www.apachecamping.com/product/new-2027-northwood-arctic-fox-camper-992-3747890-30
New 2027 Northwood Arctic Fox Camper 1150 Wet Bath,19.0,5200,7000,840,Kitsap / Poulsbo,On Lot,https://assets.interactcp.com/apachecamping/unit_photo/imgh_800x600-m0902202620392957/unit_photo_202609020839295748692183.jpg,https://www.apachecamping.com/product/new-2027-northwood-arctic-fox-camper-1150-wet-bath-3748036-30
New 2027 Northwood Arctic Fox Camper 992,17.8,3235,5035,604,Everett,On Lot,https://assets.interactcp.com/apachecamping/unit_photo/imgh_800x600-m0724202619394172/unit_photo_202607240739417216519922.jpg,https://www.apachecamping.com/product/new-2027-northwood-arctic-fox-camper-992-3727162-30
New 2027 Northwood Arctic Fox Camper 992,17.8,5200,7000,840,Tacoma,On Lot,https://assets.interactcp.com/apachecamping/unit_photo/imgh_800x600-m0806202622240606/unit_photo_202608061024060681002907.jpg,https://www.apachecamping.com/product/new-2027-northwood-arctic-fox-camper-992-3741412-30
New 2027 Northwood Arctic Fox Camper 992 Storage Sofa,17.8,5200,7000,840,Portland / Clackamas,On Lot,https://assets.interactcp.com/apachecamping/unit_photo/imgh_800x600-m0803202617000350/unit_photo_202608030500035075883838.jpg,https://www.apachecamping.com/product/new-2027-northwood-arctic-fox-camper-992-storage-sofa-3722531-30
New 2027 Northwood Arctic Fox Camper 1150 Dry Bath,19.0,3358,5158,619,Portland / Clackamas,On Lot,https://assets.interactcp.com/apachecamping/unit_photo/imgh_800x600-m0818202623424859/unit_photo_202608181142485960832406.jpg,https://www.apachecamping.com/product/new-2027-northwood-arctic-fox-camper-1150-dry-bath-3756078-30
New 2027 Northwood Arctic Fox Camper 1150 Wet Bath,19.0,5200,7000,840,Portland / Clackamas,On Lot,https://assets.interactcp.com/apachecamping/unit_photo/imgh_800x600-m0731202601210756/unit_photo_202607310121075592951630.jpg,https://www.apachecamping.com/product/new-2027-northwood-arctic-fox-camper-1150-wet-bath-3734009-30
New 2027 Northwood Arctic Fox Camper 1150 Wet Bath,19.0,3358,5158,619,Everett,On Lot,https://assets.interactcp.com/interactrv/unit_tech_drawing/imgh_800x600-m0612202615470112/unit_tech_drawing_20260612034701119760491.png,https://www.apachecamping.com/product/new-2027-northwood-arctic-fox-camper-1150-wet-bath-3748122-30
New 2027 Northwood Arctic Fox Camper 1150 Wet Bath,19.0,5200,7000,840,Tacoma,On Lot,https://assets.interactcp.com/apachecamping/unit_photo/imgh_800x600-m0903202617055252/unit_photo_202609030505525241514607.jpg,https://www.apachecamping.com/product/new-2027-northwood-arctic-fox-camper-1150-wet-bath-3749329-30
New 2027 Northwood Arctic Fox Camper 1150 Wet Bath,19.0,5200,7000,840,Tacoma,On Lot,https://assets.interactcp.com/apachecamping/unit_photo/imgh_800x600-m0903202617104262/unit_photo_202609030510426222459470.jpg,https://www.apachecamping.com/product/new-2027-northwood-arctic-fox-camper-1150-wet-bath-3750360-30
New 2026 Northern Lite Limited Edition 8-11EXLEWB,16.2,5200,7000,840,Portland / Clackamas,On Lot,https://assets.interactcp.com/apachecamping/unit_photo/imgh_800x600-m0417202619154469/unit_photo_202508090232224489334490.jpg,https://www.apachecamping.com/product/new-2026-northern-lite-limited-edition-8-11exlewb-3120464-30
New 2026 Northern Lite Limited Edition 10-2EXLEWB,18.2,5200,7000,840,Everett,On Lot,https://assets.interactcp.com/apachecamping/unit_photo/imgh_800x600-m0417202619154469/unit_photo_202602070238171694463378.jpg,https://www.apachecamping.com/product/new-2026-northern-lite-limited-edition-10-2exlewb-3468908-30
New 2026 Northern Lite Limited Edition 10-2EXLEWB,18.2,5200,7000,840,Everett,On Lot,https://assets.interactcp.com/apachecamping/unit_photo/imgh_800x600-m0709202620300935/unit_photo_202607090830093494600431.jpg,https://www.apachecamping.com/product/new-2026-northern-lite-limited-edition-10-2exlewb-3594638-30
New 2026 Northern Lite Limited Edition 8-11EXLEWB,16.2,5200,7000,840,Everett,On Lot,https://assets.interactcp.com/apachecamping/unit_photo/imgh_800x600-m0417202619154469/unit_photo_202509120224197365210129.jpg,https://www.apachecamping.com/product/new-2026-northern-lite-limited-edition-8-11exlewb-3200843-30
New 2026 nuCamp RV Cirrus 920,20.2,5200,7000,840,Portland / Clackamas,On Lot,https://assets.interactcp.com/apachecamping/unit_photo/imgh_800x600-m0417202619154469/unit_photo_20250925030154649722494.jpg,https://www.apachecamping.com/product/new-2026-nucamp-rv-cirrus-920-3261370-30
New 2026 Northern Lite Limited Edition 10-2EXLEDB,18.2,5200,7000,840,Tacoma,On Lot,https://assets.interactcp.com/apachecamping/unit_photo/imgh_800x600-m0611202616375090/unit_photo_202606110437509064467995.jpg,https://www.apachecamping.com/product/new-2026-northern-lite-limited-edition-10-2exledb-3649574-30
New 2027 Northwood Arctic Fox Camper 1150 Wet Bath,19.0,3358,5158,619,Everett,On Lot,https://assets.interactcp.com/interactrv/unit_tech_drawing/imgh_800x600-m0612202615470112/unit_tech_drawing_20260612034701119760491.png,https://www.apachecamping.com/product/new-2027-northwood-arctic-fox-camper-1150-wet-bath-3777441-30
New 2027 Northwood Arctic Fox Camper 1140 Dry Bath,19.0,3465,5265,632,Everett,On Lot,https://assets.interactcp.com/interactrv/unit_tech_drawing/imgh_800x600-m0612202615465851/unit_tech_drawing_20260612034658510400572.png,https://www.apachecamping.com/product/new-2027-northwood-arctic-fox-camper-1140-dry-bath-3777440-30
New 2026 Host Industries Host Campers Cascade 10.6,18.4,5200,7000,840,Tacoma,On Lot,https://assets.interactcp.com/apachecamping/unit_photo/imgh_800x600-m0417202619154469/unit_photo_202602171130111963310518.jpg,https://www.apachecamping.com/product/new-2026-host-industries-host-campers-cascade-10-dot-6-3466055-30
New 2026 Host Industries Host Campers Mammoth 11.6,19.2,5200,7000,840,Tacoma,On Lot,https://assets.interactcp.com/apachecamping/unit_photo/imgh_800x600-m0417202619154469/unit_photo_202510120245316612507712.jpg,https://www.apachecamping.com/product/new-2026-host-industries-host-campers-mammoth-11-dot-6-3282353-30
New 2026 Host Industries Host Campers Cascade 10.6,18.4,5200,7000,840,Everett,On Lot,https://assets.interactcp.com/apachecamping/unit_photo/imgh_800x600-m0417202619154469/unit_photo_202509051210097182702258.jpg,https://www.apachecamping.com/product/new-2026-host-industries-host-campers-cascade-10-dot-6-3140899-30
New 2027 Host Industries Host Campers Mammoth 11.6,19.2,3955,5755,691,Portland / Clackamas,On Lot,https://assets.interactcp.com/apachecamping/unit_photo/imgh_800x600-m0908202620564871/unit_photo_202609080856487125418574.jpg,https://www.apachecamping.com/product/new-2027-host-industries-host-campers-mammoth-11-dot-6-3775359-30
New 2026 Host Industries Host Campers Yukon 11.6,19.2,5200,7000,840,Portland / Clackamas,On Lot,https://assets.interactcp.com/apachecamping/unit_photo/imgh_800x600-m0417202619154469/unit_photo_202509051209594423404105.jpg,https://www.apachecamping.com/product/new-2026-host-industries-host-campers-yukon-11-dot-6-3137341-30
New 2026 Aliner Ranger 10 Dual Bed,13.0,1300,3000,175,Portland / Clackamas,On Lot,https://assets.interactcp.com/apachecamping/unit_photo/imgh_800x600-m0530202601265067/unit_photo_202605300126506691109210.jpg,https://www.apachecamping.com/product/new-2026-aliner-ranger-10-dual-bed-3639602-1
New 2026 Aliner Ranger 10 Front Kitchen,13.0,1300,3000,175,Portland / Clackamas,On Lot,https://assets.interactcp.com/apachecamping/unit_photo/imgh_800x600-m0417202619154469/unit_photo_202509051210041585424636.jpg,https://www.apachecamping.com/product/new-2026-aliner-ranger-10-front-kitchen-3137343-1
New 2026 Aliner Ranger 10 Front Kitchen,26.0,5200,7000,840,Kitsap / Poulsbo,On Lot,https://assets.interactcp.com/apachecamping/unit_photo/imgh_800x600-m0423202616062289/unit_photo_202604230406228927362958.jpg,https://www.apachecamping.com/product/new-2026-aliner-ranger-10-front-kitchen-3304034-1
New 2026 Aliner Ranger 10 Rear Dinette,13.0,1300,3000,175,Everett,On Lot,https://assets.interactcp.com/apachecamping/unit_photo/imgh_800x600-m0530202623225154/unit_photo_202605301122515435770532.jpg,https://www.apachecamping.com/product/new-2026-aliner-ranger-10-rear-dinette-3639072-1
Used 2023 Aliner Expedition Mattress,18.0,1850,3500,240,Portland / Clackamas,On Lot,https://assets.interactcp.com/apachecamping/unit_photo/imgh_800x600-m0825202615544650/unit_photo_20260825035446498770089.jpg,https://www.apachecamping.com/product/used-2023-aliner-expedition-mattress-3763309-1
New 2026 Aliner Ranger 12,15.0,1510,3000,150,Tacoma,On Lot,https://assets.interactcp.com/apachecamping/unit_photo/imgh_800x600-m0417202619154469/unit_photo_202511120339526239520698.jpg,https://www.apachecamping.com/product/new-2026-aliner-ranger-12-3276321-1
New 2026 Aliner Ranger 12,15.0,1510,3000,150,Portland / Clackamas,On Lot,https://assets.interactcp.com/apachecamping/unit_photo/imgh_800x600-m0417202619154469/unit_photo_202512030617384961142484.jpg,https://www.apachecamping.com/product/new-2026-aliner-ranger-12-3391857-1
New 2026 Aliner Ranger 12,15.0,1510,3000,150,Tacoma,On Lot,https://assets.interactcp.com/apachecamping/unit_photo/imgh_800x600-m0417202619154469/unit_photo_202512281205098688261288.jpg,https://www.apachecamping.com/product/new-2026-aliner-ranger-12-3312358-1
New 2026 Aliner Ranger 12,15.0,1510,3000,150,Kitsap / Poulsbo,On Lot,https://assets.interactcp.com/apachecamping/unit_photo/imgh_800x600-m0417202619154469/unit_photo_20251203061837569845765.jpg,https://www.apachecamping.com/product/new-2026-aliner-ranger-12-3391872-1
New 2026 Aliner Ranger 10 Rear Dinette,13.0,1300,3000,175,Tacoma,On Lot,https://assets.interactcp.com/apachecamping/unit_photo/imgh_800x600-m0728202620274510/unit_photo_202607280827451054857305.jpg,https://www.apachecamping.com/product/new-2026-aliner-ranger-10-rear-dinette-3704205-1
New 2026 Aliner Ranger 12,15.0,1510,3000,150,Everett,On Lot,https://assets.interactcp.com/apachecamping/unit_photo/imgh_800x600-m0530202623202441/unit_photo_202605301120244116299306.jpg,https://www.apachecamping.com/product/new-2026-aliner-ranger-12-3639071-1
New 2027 Aliner Ranger 12,15.0,1510,3000,150,Kitsap / Poulsbo,On Lot,https://assets.interactcp.com/apachecamping/unit_photo/imgh_800x600-m0723202621522987/unit_photo_202607230952298703779505.jpg,https://www.apachecamping.com/product/new-2027-aliner-ranger-12-3705000-1
New 2027 Aliner Classic Rear Sofa,15.0,1725,3000,160,Portland / Clackamas,On Lot,https://assets.interactcp.com/apachecamping/unit_photo/imgh_800x600-m0701202620395791/unit_photo_202607010839579175264747.jpg,https://www.apachecamping.com/product/new-2027-aliner-classic-rear-sofa-3700967-1
New 2027 Aliner Classic Rear Sofa,15.0,1725,3000,160,Tacoma,On Lot,https://assets.interactcp.com/apachecamping/unit_photo/imgh_800x600-m0728202620384908/unit_photo_202607280838490838297466.jpg,https://www.apachecamping.com/product/new-2027-aliner-classic-rear-sofa-3703800-1
New 2027 Aliner Expedition Mattress,18.0,1985,3500,240,Portland / Clackamas,On Lot,https://assets.interactcp.com/apachecamping/unit_photo/imgh_800x600-m0908202620300229/unit_photo_202609080830022962797879.jpg,https://www.apachecamping.com/product/new-2027-aliner-expedition-mattress-3771831-1
New 2026 Aliner Evolution Evolution 15,18.0,2400,3500,200,Portland / Clackamas,On Lot,https://assets.interactcp.com/apachecamping/unit_photo/imgh_800x600-m0417202619154469/unit_photo_20260110031435401768944.jpg,https://www.apachecamping.com/product/new-2026-aliner-evolution-evolution-15-3441983-1
New 2027 Aliner Expedition Rear Sofa,18.0,1985,3500,240,Everett,On Lot,https://assets.interactcp.com/interactrv/unit_tech_drawing/imgh_800x600-m1001202511094641/unit_tech_drawing_202510011109464150744937.png,https://www.apachecamping.com/product/new-2027-aliner-expedition-rear-sofa-3773312-1
New 2027 Aliner Expedition Rear Sofa,18.0,1985,3500,240,Everett,On Lot,https://assets.interactcp.com/interactrv/unit_tech_drawing/imgh_800x600-m1001202511094641/unit_tech_drawing_202510011109464150744937.png,https://www.apachecamping.com/product/new-2027-aliner-expedition-rear-sofa-3773313-1
Used 2007 Fleetwood RV Highlander Niagara,26.0,5200,7000,840,Tacoma,On Lot,https://assets-cdn.interactcp.com/apachecamping/images/facebook-banner.jpg,https://www.apachecamping.com/product/used-2007-fleetwood-rv-highlander-niagara-3777449-7
Used 2016 Forest River RV Rockwood Hard Side High Wall Series A214HW,20.8,2646,3382,382,Tacoma,On Lot,https://assets.interactcp.com/apachecamping/unit_photo/imgh_800x600-m0829202623432810/unit_photo_202608291143281059947202.jpg,https://www.apachecamping.com/product/used-2016-forest-river-rv-rockwood-hard-side-high-wall-series-a214hw-3766020-7
New 2026 Forest River RV Flagstaff OTG F141OTG,11.8,1319,2258,162,Portland / Clackamas,On Lot,https://assets.interactcp.com/apachecamping/unit_photo/imgh_800x600-m0417202619154469/unit_photo_202603110125229271010487.jpg,https://www.apachecamping.com/product/new-2026-forest-river-rv-flagstaff-otg-f141otg-3531998-7
Used 2022 Forest River RV Flagstaff MAC Series 176LTD,12.3,1465,2258,162,Everett,On Lot,https://assets.interactcp.com/interactrv/unit_tech_drawing/imgh_800x600-m0428202519374618/unit_tech_drawing_202207120456462258402317.png,https://www.apachecamping.com/product/used-2022-forest-river-rv-flagstaff-mac-series-176ltd-3766248-7
Used 2014 Forest River RV Rockwood Freedom Series 1970,15.2,1764,2630,252,Everett,On Lot,https://assets.interactcp.com/interactrv/unit_tech_drawing/imgh_800x600-m0428202519374618/mod54008.jpg,https://www.apachecamping.com/product/used-2014-forest-river-rv-rockwood-freedom-series-1970-3120154-7
Used 2010 Coleman The Highlander Series Avalon 4449,21.2,3805,4600,365,Everett,On Lot,https://assets.interactcp.com/apachecamping/unit_photo/imgh_800x600-m0417202619154469/unit_photo_202508090214530889010362.jpg,https://www.apachecamping.com/product/used-2010-coleman-the-highlander-series-avalon-4449-3120153-7
